unit_a	unit_b	k	shared	kmers_a	kmers_b	jaccard	containment	distance	resolution_limited	z
HAP1_chr01	HAP1_chr02	11	2020470	2059838	2051389	0.966382	0.984928	0.001568	True	3.9316
HAP1_chr01	HAP1_chr02	13	7275456	12946041	12378753	0.403087	0.587737	0.042625	False	1143.7053
HAP1_chr01	HAP1_chr02	15	5301757	21518230	20265100	0.145327	0.261620	0.091421	False	4981.4608
HAP1_chr01	HAP1_chr02	17	4049996	24540963	23038603	0.093040	0.175792	0.104149	False	15529.5751
HAP1_chr01	HAP1_chr02	19	3743619	26113567	24465390	0.079932	0.153017	0.100544	False	54840.0438
HAP1_chr01	HAP1_chr02	23	3587006	28415975	26512565	0.069866	0.135295	0.088503	False	775170.5395
HAP1_chr01	HAP1_chr03	11	2018517	2059838	2049378	0.965475	0.984941	0.001611	True	3.9492
HAP1_chr01	HAP1_chr03	13	7153997	12946041	12097267	0.399903	0.591373	0.043061	False	1150.9845
HAP1_chr01	HAP1_chr03	15	5233579	21518230	19531685	0.146123	0.267953	0.091103	False	5030.2937
HAP1_chr01	HAP1_chr03	17	4048467	24540963	22186214	0.094859	0.182477	0.103108	False	15828.6843
HAP1_chr01	HAP1_chr03	19	3761979	26113567	23621231	0.081831	0.159263	0.099401	False	56087.8121
HAP1_chr01	HAP1_chr03	23	3609642	28415975	25750011	0.071398	0.140180	0.087622	False	791528.4713
HAP1_chr01	HAP1_chr04	11	2028094	2059838	2060002	0.969570	0.984589	0.001416	True	3.3358
HAP1_chr01	HAP1_chr04	13	7615796	12946041	13309671	0.408575	0.588272	0.041886	False	1094.6744
HAP1_chr01	HAP1_chr04	15	5412206	21518230	22783800	0.139168	0.251517	0.093948	False	4707.9927
HAP1_chr01	HAP1_chr04	17	3903867	24540963	26006895	0.083695	0.159076	0.109871	False	14049.2946
HAP1_chr01	HAP1_chr04	19	3520843	26113567	27427338	0.070389	0.134828	0.106768	False	48700.4946
HAP1_chr01	HAP1_chr04	23	3331160	28415975	29231553	0.061329	0.117228	0.093821	False	685583.0819
HAP1_chr01	HAP1_chr05	11	1996697	2059838	2025327	0.956058	0.985864	0.002066	False	5.2509
HAP1_chr01	HAP1_chr05	13	6715023	12946041	11136461	0.386644	0.602976	0.044922	False	1166.6712
HAP1_chr01	HAP1_chr05	15	4788042	21518230	17651154	0.139263	0.271259	0.093908	False	4851.3863
HAP1_chr01	HAP1_chr05	17	3616230	24540963	19900014	0.088579	0.181720	0.106799	False	14927.8203
HAP1_chr01	HAP1_chr05	19	3320384	26113567	21030021	0.075768	0.157888	0.103156	False	52464.7174
HAP1_chr01	HAP1_chr05	23	3159735	28415975	22606148	0.066017	0.139773	0.090810	False	739483.5025
HAP1_chr01	HAP1_chr06	11	2008919	2059838	2038798	0.961335	0.985345	0.001810	True	4.5203
HAP1_chr01	HAP1_chr06	13	6960076	12946041	11709819	0.393318	0.594379	0.043975	False	1148.9658
HAP1_chr01	HAP1_chr06	15	4965276	21518230	18803996	0.140433	0.264054	0.093419	False	4851.2463
HAP1_chr01	HAP1_chr06	17	3738517	24540963	21246948	0.088908	0.175955	0.106599	False	14927.6281
HAP1_chr01	HAP1_chr06	19	3426092	26113567	22479660	0.075854	0.152409	0.103101	False	52358.1410
HAP1_chr01	HAP1_chr06	23	3239829	28415975	24198240	0.065618	0.133887	0.091057	False	732860.3072
HAP1_chr01	HAP1_chr07	11	2015698	2059838	2046395	0.964202	0.984999	0.001672	True	4.0303
HAP1_chr01	HAP1_chr07	13	7192755	12946041	12435220	0.395456	0.578418	0.043676	False	1093.4030
HAP1_chr01	HAP1_chr07	15	4940782	21518230	20565760	0.133020	0.240243	0.096600	False	4534.0497
HAP1_chr01	HAP1_chr07	17	3504368	24540963	23196081	0.079226	0.151076	0.112856	False	13355.4979
HAP1_chr01	HAP1_chr07	19	3124408	26113567	24309777	0.066057	0.128525	0.109898	False	45904.6385
HAP1_chr01	HAP1_chr07	23	2897829	28415975	25671551	0.056610	0.112881	0.097108	False	636410.3212
HAP1_chr01	HAP1_chr08	11	1999209	2059838	2028616	0.956905	0.985504	0.002024	True	4.7377
HAP1_chr01	HAP1_chr08	13	6748281	12946041	11493652	0.381444	0.587131	0.045675	False	1098.7497
HAP1_chr01	HAP1_chr08	15	4523520	21518230	18494234	0.127463	0.244591	0.099117	False	4393.0322
HAP1_chr01	HAP1_chr08	17	3173696	24540963	20753096	0.075348	0.152926	0.115596	False	12790.3623
HAP1_chr01	HAP1_chr08	19	2811624	26113567	21707091	0.062468	0.129526	0.112660	False	43716.0299
HAP1_chr01	HAP1_chr08	23	2598030	28415975	22851644	0.053381	0.113691	0.099529	False	604750.1338
HAP1_chr01	HAP1_chr09	11	1991869	2059838	2020578	0.953710	0.985792	0.002180	False	5.1410
HAP1_chr01	HAP1_chr09	13	6545010	12946041	11094258	0.374101	0.589946	0.046760	False	1094.5834
HAP1_chr01	HAP1_chr09	15	4288999	21518230	17520870	0.123424	0.244794	0.101024	False	4280.1077
HAP1_chr01	HAP1_chr09	17	2980444	24540963	19539222	0.072517	0.152536	0.117694	False	12378.4187
HAP1_chr01	HAP1_chr09	19	2635003	26113567	20384671	0.060073	0.129264	0.114599	False	42277.7879
HAP1_chr01	HAP1_chr09	23	2427712	28415975	21389444	0.051242	0.113500	0.101219	False	584100.9981
HAP1_chr01	HAP1_chr10	11	1942432	2059838	1967470	0.931677	0.987274	0.003274	False	7.1710
HAP1_chr01	HAP1_chr10	13	5732681	12946041	9232728	0.348574	0.620909	0.050754	False	1150.0040
HAP1_chr01	HAP1_chr10	15	3837119	21518230	13690679	0.122311	0.280272	0.101562	False	4439.1709
HAP1_chr01	HAP1_chr10	17	2820283	24540963	15120922	0.076552	0.186515	0.114730	False	13361.3060
HAP1_chr01	HAP1_chr10	19	2550885	26113567	15800391	0.064804	0.161444	0.110844	False	46501.5435
HAP1_chr01	HAP1_chr10	23	2379511	28415975	16692261	0.055689	0.142552	0.097784	False	648069.0696
HAP1_chr01	HAP1_chr11	11	1965667	2059838	1992902	0.941830	0.986334	0.002765	False	5.8782
HAP1_chr01	HAP1_chr11	13	6029265	12946041	10172119	0.352818	0.592725	0.050065	False	1062.3751
HAP1_chr01	HAP1_chr11	15	3706539	21518230	15601775	0.110929	0.237572	0.107394	False	3896.4179
HAP1_chr01	HAP1_chr11	17	2440830	24540963	17209853	0.062092	0.141827	0.126249	False	10786.0002
HAP1_chr01	HAP1_chr11	19	2098956	26113567	17828425	0.050163	0.117731	0.123594	False	36005.3643
HAP1_chr01	HAP1_chr11	23	1885381	28415975	18501368	0.041868	0.101905	0.109613	False	487738.8892
HAP1_chr01	HAP1_chr12	11	1927982	2059838	1952668	0.924903	0.987358	0.003618	False	7.2621
HAP1_chr01	HAP1_chr12	13	5510526	12946041	9037422	0.334520	0.609745	0.053114	False	1083.7471
HAP1_chr01	HAP1_chr12	15	3399157	21518230	13375243	0.107929	0.254138	0.109042	False	3910.3192
HAP1_chr01	HAP1_chr12	17	2297274	24540963	14676969	0.062222	0.156522	0.126133	False	11013.9598
HAP1_chr01	HAP1_chr12	19	2002277	26113567	15214619	0.050915	0.131602	0.122848	False	37186.7283
HAP1_chr01	HAP1_chr12	23	1815154	28415975	15843351	0.042766	0.114569	0.108728	False	507435.1121
HAP1_chr01	HAP1_chr13	11	1907795	2059838	1931468	0.915664	0.987744	0.004093	False	7.7635
HAP1_chr01	HAP1_chr13	13	5345173	12946041	8636707	0.329185	0.618890	0.054043	False	1102.7151
HAP1_chr01	HAP1_chr13	15	3359209	21518230	12723356	0.108774	0.264019	0.108573	False	3989.8891
HAP1_chr01	HAP1_chr13	17	2301325	24540963	13990276	0.063520	0.164495	0.124990	False	11311.1000
HAP1_chr01	HAP1_chr13	19	2008988	26113567	14531909	0.051997	0.138247	0.121795	False	38180.4057
HAP1_chr01	HAP1_chr13	23	1817722	28415975	15171031	0.043518	0.119815	0.108001	False	519290.7775
HAP1_chr02	HAP1_chr03	11	2011191	2051389	2049378	0.962488	0.981367	0.001755	True	4.6145
HAP1_chr02	HAP1_chr03	13	6917482	12378753	12097267	0.393967	0.571822	0.043884	False	1161.9185
HAP1_chr02	HAP1_chr03	15	4990771	20265100	19531685	0.143388	0.255522	0.092203	False	4953.8018
HAP1_chr02	HAP1_chr03	17	3829850	23038603	22186214	0.092520	0.172623	0.104451	False	15456.3311
HAP1_chr02	HAP1_chr03	19	3540296	24465390	23621231	0.079474	0.149878	0.100823	False	54531.9519
HAP1_chr02	HAP1_chr03	23	3373305	26512565	25750011	0.068999	0.131002	0.089010	False	765796.5964
HAP1_chr02	HAP1_chr04	11	2020501	2051389	2060002	0.966335	0.984943	0.001570	True	3.8403
HAP1_chr02	HAP1_chr04	13	7361493	12378753	13309671	0.401676	0.594688	0.042818	False	1106.2615
HAP1_chr02	HAP1_chr04	15	5183574	20265100	22783800	0.136895	0.255788	0.094913	False	4662.1803
HAP1_chr02	HAP1_chr04	17	3714992	23038603	26006895	0.081953	0.161251	0.111013	False	13802.2144
HAP1_chr02	HAP1_chr04	19	3331465	24465390	27427338	0.068603	0.136171	0.108033	False	47608.5924
HAP1_chr02	HAP1_chr04	23	3124197	26512565	29231553	0.059373	0.117838	0.095150	False	665669.1554
HAP1_chr02	HAP1_chr05	11	1989746	2051389	2025327	0.953414	0.982432	0.002194	False	6.1204
HAP1_chr02	HAP1_chr05	13	6517768	12378753	11136461	0.383456	0.585264	0.045382	False	1188.6760
HAP1_chr02	HAP1_chr05	15	4629049	20265100	17651154	0.139064	0.262252	0.093992	False	4854.8249
HAP1_chr02	HAP1_chr05	17	3491139	23038603	19900014	0.088501	0.175434	0.106847	False	14880.4652
HAP1_chr02	HAP1_chr05	19	3193912	24465390	21030021	0.075504	0.151874	0.103327	False	52140.1904
HAP1_chr02	HAP1_chr05	23	3014472	26512565	22606148	0.065384	0.133347	0.091203	False	730372.7243
HAP1_chr02	HAP1_chr06	11	2001760	2051389	2038798	0.958501	0.981833	0.001947	False	5.2766
HAP1_chr02	HAP1_chr06	13	6767085	12378753	11709819	0.390676	0.577898	0.044348	False	1177.3946
HAP1_chr02	HAP1_chr06	15	4839962	20265100	18803996	0.141399	0.257390	0.093019	False	4902.3439
HAP1_chr02	HAP1_chr06	17	3653879	23038603	21246948	0.089927	0.171972	0.105984	False	15067.6729
HAP1_chr02	HAP1_chr06	19	3339013	24465390	22479660	0.076572	0.148535	0.102640	False	52720.7165
HAP1_chr02	HAP1_chr06	23	3133043	26512565	24198240	0.065851	0.129474	0.090912	False	733704.1361
HAP1_chr02	HAP1_chr07	11	2008291	2051389	2046395	0.961138	0.981380	0.001820	True	4.6305
HAP1_chr02	HAP1_chr07	13	6968736	12378753	12435220	0.390510	0.562959	0.044371	False	1111.7413
HAP1_chr02	HAP1_chr07	15	4759349	20265100	20565760	0.131942	0.234854	0.097079	False	4520.6927
HAP1_chr02	HAP1_chr07	17	3358950	23038603	23196081	0.078342	0.145797	0.113468	False	13217.3338
HAP1_chr02	HAP1_chr07	19	2977782	24465390	24309777	0.065021	0.122493	0.110679	False	45201.1702
HAP1_chr02	HAP1_chr07	23	2737825	26512565	25671551	0.055370	0.106648	0.098020	False	622480.2711
HAP1_chr02	HAP1_chr08	11	1992165	2051389	2028616	0.954175	0.982032	0.002157	False	5.5488
HAP1_chr02	HAP1_chr08	13	6529486	12378753	11493652	0.376493	0.568095	0.046404	False	1111.7571
HAP1_chr02	HAP1_chr08	15	4334816	20265100	18494234	0.125922	0.234387	0.099836	False	4352.6349
HAP1_chr02	HAP1_chr08	17	3024629	23038603	20753096	0.074193	0.145744	0.116442	False	12584.3550
HAP1_chr02	HAP1_chr08	19	2667995	24465390	21707091	0.061327	0.122909	0.113574	False	42858.1678
HAP1_chr02	HAP1_chr08	23	2449464	26512565	22851644	0.052211	0.107190	0.100444	False	590280.3313
HAP1_chr02	HAP1_chr09	11	1984779	2051389	2020578	0.950934	0.982283	0.002316	False	5.8988
HAP1_chr02	HAP1_chr09	13	6329167	12378753	11094258	0.369180	0.570490	0.047503	False	1105.4059
HAP1_chr02	HAP1_chr09	15	4101292	20265100	17520870	0.121755	0.234080	0.101833	False	4229.9305
HAP1_chr02	HAP1_chr09	17	2835347	23038603	19539222	0.071343	0.145111	0.118590	False	12156.7466
HAP1_chr02	HAP1_chr09	19	2493418	24465390	20384671	0.058867	0.122318	0.115606	False	41332.3024
HAP1_chr02	HAP1_chr09	23	2282036	26512565	21389444	0.050023	0.106690	0.102215	False	568419.1560
HAP1_chr02	HAP1_chr10	11	1936155	2051389	1967470	0.929635	0.984084	0.003377	False	8.3748
HAP1_chr02	HAP1_chr10	13	5551603	12378753	9232728	0.345682	0.601296	0.051230	False	1162.5219
HAP1_chr02	HAP1_chr10	15	3658274	20265100	13690679	0.120745	0.267209	0.102328	False	4370.0319
HAP1_chr02	HAP1_chr10	17	2663426	23038603	15120922	0.075034	0.176142	0.115824	False	13024.3078
HAP1_chr02	HAP1_chr10	19	2394783	24465390	15800391	0.063235	0.151565	0.112056	False	45102.5119
HAP1_chr02	HAP1_chr10	23	2217635	26512565	16692261	0.054106	0.132854	0.098972	False	625286.4966
HAP1_chr02	HAP1_chr11	11	1958939	2051389	1992902	0.939380	0.982958	0.002887	False	6.8221
HAP1_chr02	HAP1_chr11	13	5842027	12378753	10172119	0.349637	0.574318	0.050581	False	1078.5665
HAP1_chr02	HAP1_chr11	15	3569724	20265100	15601775	0.110528	0.228802	0.107612	False	3884.2543
HAP1_chr02	HAP1_chr11	17	2349054	23038603	17209853	0.061981	0.136495	0.126348	False	10718.9606
HAP1_chr02	HAP1_chr11	19	2013065	24465390	17828425	0.049976	0.112913	0.123781	False	35677.5436
HAP1_chr02	HAP1_chr11	23	1798644	26512565	18501368	0.041621	0.097217	0.109861	False	481713.6531
HAP1_chr02	HAP1_chr12	11	1921573	2051389	1952668	0.922731	0.984076	0.003729	False	8.3319
HAP1_chr02	HAP1_chr12	13	5353594	12378753	9037422	0.333296	0.592381	0.053325	False	1106.0339
HAP1_chr02	HAP1_chr12	15	3298231	20265100	13375243	0.108701	0.246592	0.108613	False	3931.3038
HAP1_chr02	HAP1_chr12	17	2232713	23038603	14676969	0.062924	0.152124	0.125512	False	11054.9390
HAP1_chr02	HAP1_chr12	19	1940235	24465390	15214619	0.051411	0.127524	0.122363	False	37230.2536
HAP1_chr02	HAP1_chr12	23	1746429	26512565	15843351	0.043005	0.110231	0.108495	False	505444.4974
HAP1_chr02	HAP1_chr13	11	1901768	2051389	1931468	0.913833	0.984623	0.004188	False	9.0559
HAP1_chr02	HAP1_chr13	13	5198960	12378753	8636707	0.328705	0.601961	0.054127	False	1127.5894
HAP1_chr02	HAP1_chr13	15	3259851	20265100	12723356	0.109654	0.256210	0.108089	False	4010.8822
HAP1_chr02	HAP1_chr13	17	2235422	23038603	13990276	0.064248	0.159784	0.124360	False	11346.4900
HAP1_chr02	HAP1_chr13	19	1946554	24465390	14531909	0.052538	0.133950	0.121278	False	38221.3870
HAP1_chr02	HAP1_chr13	23	1749552	26512565	15171031	0.043811	0.115322	0.107722	False	517446.5536
HAP1_chr03	HAP1_chr04	11	2018533	2049378	2060002	0.965414	0.984949	0.001614	True	3.8473
HAP1_chr03	HAP1_chr04	13	7228150	12097267	13309671	0.397615	0.597503	0.043376	False	1109.1568
HAP1_chr03	HAP1_chr04	15	5103935	19531685	22783800	0.137160	0.261316	0.094800	False	4695.6192
HAP1_chr03	HAP1_chr04	17	3721244	22186214	26006895	0.083676	0.167728	0.109883	False	14098.9346
HAP1_chr03	HAP1_chr04	19	3367689	23621231	27427338	0.070630	0.142570	0.106600	False	48981.8839
HAP1_chr03	HAP1_chr04	23	3179296	25750011	29231553	0.061374	0.123468	0.093791	False	687366.3854
HAP1_chr03	HAP1_chr05	11	1987783	2049378	2025327	0.952495	0.981463	0.002239	False	6.1086
HAP1_chr03	HAP1_chr05	13	6402343	12097267	11136461	0.380381	0.574899	0.045830	False	1191.4455
HAP1_chr03	HAP1_chr05	15	4542215	19531685	17651154	0.139158	0.257332	0.093952	False	4866.8651
HAP1_chr03	HAP1_chr05	17	3461128	22186214	19900014	0.089608	0.173926	0.106175	False	15039.9579
HAP1_chr03	HAP1_chr05	19	3184108	23621231	21030021	0.076786	0.151408	0.102503	False	52902.7604
HAP1_chr03	HAP1_chr05	23	3019763	25750011	22606148	0.066608	0.133581	0.090446	False	742409.2766
HAP1_chr03	HAP1_chr06	11	1999860	2049378	2038798	0.957642	0.980901	0.001989	False	5.3182
HAP1_chr03	HAP1_chr06	13	6626122	12097267	11709819	0.385666	0.565860	0.045063	False	1170.2175
HAP1_chr03	HAP1_chr06	15	4703467	19531685	18803996	0.139850	0.250131	0.093662	False	4859.5673
HAP1_chr03	HAP1_chr06	17	3575376	22186214	21246948	0.089703	0.168277	0.106118	False	15028.2802
HAP1_chr03	HAP1_chr06	19	3282574	23621231	22479660	0.076663	0.146024	0.102582	False	52748.7117
HAP1_chr03	HAP1_chr06	23	3093403	25750011	24198240	0.066021	0.127836	0.090807	False	735069.3579
HAP1_chr03	HAP1_chr07	11	2006206	2049378	2046395	0.960106	0.980361	0.001869	True	4.5461
HAP1_chr03	HAP1_chr07	13	6816303	12097267	12435220	0.384750	0.563458	0.045195	False	1101.8773
HAP1_chr03	HAP1_chr07	15	4612166	19531685	20565760	0.129974	0.236138	0.097965	False	4467.1095
HAP1_chr03	HAP1_chr07	17	3286144	22186214	23196081	0.078063	0.148116	0.113662	False	13180.7986
HAP1_chr03	HAP1_chr07	19	2930181	23621231	24309777	0.065114	0.124049	0.110608	False	45267.6478
HAP1_chr03	HAP1_chr07	23	2708647	25750011	25671551	0.055604	0.105512	0.097846	False	624898.5781
HAP1_chr03	HAP1_chr08	11	1990263	2049378	2028616	0.953314	0.981094	0.002199	False	5.5823
HAP1_chr03	HAP1_chr08	13	6400203	12097267	11493652	0.372306	0.556847	0.047030	False	1108.4731
HAP1_chr03	HAP1_chr08	15	4234042	19531685	18494234	0.125298	0.228938	0.100131	False	4341.5477
HAP1_chr03	HAP1_chr08	17	2990555	22186214	20753096	0.074860	0.144102	0.115952	False	12685.5402
HAP1_chr03	HAP1_chr08	19	2655909	23621231	21707091	0.062239	0.122352	0.112842	False	43421.5732
HAP1_chr03	HAP1_chr08	23	2452115	25750011	22851644	0.053134	0.107306	0.099720	False	599605.1304
HAP1_chr03	HAP1_chr09	11	1982845	2049378	2020578	0.950043	0.981326	0.002359	False	5.9043
HAP1_chr03	HAP1_chr09	13	6202187	12097267	11094258	0.365063	0.559045	0.048134	False	1101.2365
HAP1_chr03	HAP1_chr09	15	3994397	19531685	17520870	0.120829	0.227979	0.102287	False	4204.7061
HAP1_chr03	HAP1_chr09	17	2781990	22186214	19539222	0.071437	0.142380	0.118517	False	12159.1911
HAP1_chr03	HAP1_chr09	19	2459338	23621231	20384671	0.059195	0.120646	0.115331	False	41490.7139
HAP1_chr03	HAP1_chr09	23	2258409	25750011	21389444	0.050320	0.105585	0.101970	False	570802.7158
HAP1_chr03	HAP1_chr10	11	1934425	2049378	1967470	0.928930	0.983204	0.003413	False	8.4919
HAP1_chr03	HAP1_chr10	13	5451813	12097267	9232728	0.343352	0.590488	0.051617	False	1163.7260
HAP1_chr03	HAP1_chr10	15	3592136	19531685	13690679	0.121232	0.262378	0.102089	False	4384.1100
HAP1_chr03	HAP1_chr10	17	2650235	22186214	15120922	0.076471	0.175269	0.114788	False	13212.9892
HAP1_chr03	HAP1_chr10	19	2397500	23621231	15800391	0.064755	0.151737	0.110881	False	45955.3593
HAP1_chr03	HAP1_chr10	23	2230897	25750011	16692261	0.055479	0.133649	0.097939	False	638271.9381
HAP1_chr03	HAP1_chr11	11	1957001	2049378	1992902	0.938484	0.981986	0.002932	False	6.8061
HAP1_chr03	HAP1_chr11	13	5718714	12097267	10172119	0.345528	0.562195	0.051256	False	1071.2101
HAP1_chr03	HAP1_chr11	15	3454300	19531685	15601775	0.109040	0.221404	0.108426	False	3831.5936
HAP1_chr03	HAP1_chr11	17	2286379	22186214	17209853	0.061611	0.132853	0.126679	False	10633.7545
HAP1_chr03	HAP1_chr11	19	1971532	23621231	17828425	0.049940	0.110584	0.123817	False	35561.1257
HAP1_chr03	HAP1_chr11	23	1770954	25750011	18501368	0.041689	0.095720	0.109792	False	481269.3812
HAP1_chr03	HAP1_chr12	11	1919864	2049378	1952668	0.922044	0.983200	0.003764	False	8.4544
HAP1_chr03	HAP1_chr12	13	5249043	12097267	9037422	0.330427	0.580812	0.053825	False	1102.9077
HAP1_chr03	HAP1_chr12	15	3217004	19531685	13375243	0.108353	0.240519	0.108806	False	3914.1842
HAP1_chr03	HAP1_chr12	17	2200260	22186214	14676969	0.063476	0.149912	0.125029	False	11106.0993
HAP1_chr03	HAP1_chr12	19	1924013	23621231	15214619	0.052125	0.126458	0.121673	False	37574.2633
HAP1_chr03	HAP1_chr12	23	1742361	25750011	15843351	0.043722	0.109974	0.107807	False	511679.3878
HAP1_chr03	HAP1_chr13	11	1900167	2049378	1931468	0.913244	0.983794	0.004219	False	9.2431
HAP1_chr03	HAP1_chr13	13	5096931	12097267	8636707	0.325952	0.590147	0.054614	False	1123.8716
HAP1_chr03	HAP1_chr13	15	3179658	19531685	12723356	0.109359	0.249907	0.108250	False	3993.1706
HAP1_chr03	HAP1_chr13	17	2202334	22186214	13990276	0.064824	0.157419	0.123867	False	11395.6389
HAP1_chr03	HAP1_chr13	19	1929027	23621231	14531909	0.053253	0.132744	0.120602	False	38549.4310
HAP1_chr03	HAP1_chr13	23	1742451	25750011	15171031	0.044475	0.114854	0.107096	False	522921.4440
HAP1_chr04	HAP1_chr05	11	1996819	2060002	2025327	0.956097	0.985924	0.002064	False	5.2249
HAP1_chr04	HAP1_chr05	13	6817300	13309671	11136461	0.386713	0.612160	0.044912	False	1141.8648
HAP1_chr04	HAP1_chr05	15	4748943	22783800	17651154	0.133076	0.269044	0.096575	False	4621.4707
HAP1_chr04	HAP1_chr05	17	3401508	26006895	19900014	0.080025	0.170930	0.112309	False	13612.3807
HAP1_chr04	HAP1_chr05	19	3047393	27427338	21030021	0.067108	0.144907	0.109118	False	46975.6931
HAP1_chr04	HAP1_chr05	23	2853343	29231553	22606148	0.058250	0.126220	0.095934	False	658395.4142
HAP1_chr04	HAP1_chr06	11	2009088	2060002	2038798	0.961419	0.985428	0.001806	True	4.5269
HAP1_chr04	HAP1_chr06	13	7067506	13309671	11709819	0.393689	0.603554	0.043923	False	1124.1280
HAP1_chr04	HAP1_chr06	15	4931313	22783800	18803996	0.134528	0.262248	0.095937	False	4626.9456
HAP1_chr04	HAP1_chr06	17	3526923	26006895	21246948	0.080658	0.165997	0.111880	False	13652.2486
HAP1_chr04	HAP1_chr06	19	3154548	27427338	22479660	0.067473	0.140329	0.108851	False	47031.3361
HAP1_chr04	HAP1_chr06	23	2936992	29231553	24198240	0.058167	0.121372	0.095993	False	655023.4661
HAP1_chr04	HAP1_chr07	11	2016057	2060002	2046395	0.964464	0.985175	0.001660	True	4.1705
HAP1_chr04	HAP1_chr07	13	7345726	13309671	12435220	0.399242	0.590719	0.043152	False	1086.5626
HAP1_chr04	HAP1_chr07	15	4971844	22783800	20565760	0.129550	0.241753	0.098157	False	4387.6802
HAP1_chr04	HAP1_chr07	17	3333347	26006895	23196081	0.072670	0.143703	0.117578	False	12313.3498
HAP1_chr04	HAP1_chr07	19	2883564	27427338	24309777	0.059025	0.118617	0.115474	False	41330.5260
HAP1_chr04	HAP1_chr07	23	2625841	29231553	25671551	0.050229	0.102286	0.102044	False	568575.0542
HAP1_chr04	HAP1_chr08	11	1999801	2060002	2028616	0.957384	0.985796	0.002001	False	5.0445
HAP1_chr04	HAP1_chr08	13	6925059	13309671	11493652	0.387345	0.602512	0.044822	False	1108.0937
HAP1_chr04	HAP1_chr08	15	4662644	22783800	18494234	0.127341	0.252113	0.099173	False	4377.1075
HAP1_chr04	HAP1_chr08	17	3154140	26006895	20753096	0.072333	0.151984	0.117833	False	12332.5105
HAP1_chr04	HAP1_chr08	19	2735228	27427338	21707091	0.058950	0.126006	0.115537	False	41492.2952
HAP1_chr04	HAP1_chr08	23	2493124	29231553	22851644	0.050275	0.109100	0.102007	False	572177.5389
HAP1_chr04	HAP1_chr09	11	1992245	2060002	2020578	0.953987	0.985978	0.002166	False	5.2956
HAP1_chr04	HAP1_chr09	13	6693493	13309671	11094258	0.377941	0.603329	0.046189	False	1092.9962
HAP1_chr04	HAP1_chr09	15	4354583	22783800	17520870	0.121129	0.248537	0.102139	False	4187.6957
HAP1_chr04	HAP1_chr09	17	2882503	26006895	19539222	0.067563	0.147524	0.121583	False	11608.1003
HAP1_chr04	HAP1_chr09	19	2480036	27427338	20384671	0.054708	0.121662	0.119256	False	38820.0661
HAP1_chr04	HAP1_chr09	23	2246854	29231553	21389444	0.046447	0.105045	0.105291	False	532991.9236
HAP1_chr04	HAP1_chr10	11	1942673	2060002	1967470	0.931827	0.987397	0.003266	False	7.2334
HAP1_chr04	HAP1_chr10	13	5831679	13309671	9232728	0.348978	0.631631	0.050688	False	1133.6333
HAP1_chr04	HAP1_chr10	15	3834684	22783800	13690679	0.117485	0.280095	0.103959	False	4268.5839
HAP1_chr04	HAP1_chr10	17	2680707	26006895	15120922	0.069725	0.177285	0.119850	False	12314.8778
HAP1_chr04	HAP1_chr10	19	2364287	27427338	15800391	0.057858	0.149635	0.116466	False	42048.4300
HAP1_chr04	HAP1_chr10	23	2169077	29231553	16692261	0.049574	0.129945	0.102588	False	582456.5952
HAP1_chr04	HAP1_chr11	11	1966373	2060002	1992902	0.942413	0.986688	0.002736	False	6.2712
HAP1_chr04	HAP1_chr11	13	6198512	13309671	10172119	0.358642	0.609363	0.049136	False	1077.1402
HAP1_chr04	HAP1_chr11	15	3843512	22783800	15601775	0.111270	0.246351	0.107210	False	3909.7895
HAP1_chr04	HAP1_chr11	17	2439198	26006895	17209853	0.059817	0.141733	0.128318	False	10457.5877
HAP1_chr04	HAP1_chr11	19	2050461	27427338	17828425	0.047459	0.115011	0.126375	False	34316.5719
HAP1_chr04	HAP1_chr11	23	1816923	29231553	18501368	0.039571	0.098205	0.111971	False	463425.4557
HAP1_chr04	HAP1_chr12	11	1928437	2060002	1952668	0.925250	0.987591	0.003600	False	7.4801
HAP1_chr04	HAP1_chr12	13	5660404	13309671	9037422	0.339217	0.626329	0.052312	False	1096.2727
HAP1_chr04	HAP1_chr12	15	3526142	22783800	13375243	0.108055	0.263632	0.108972	False	3926.8632
HAP1_chr04	HAP1_chr12	17	2302682	26006895	14676969	0.059995	0.156891	0.128154	False	10712.8182
HAP1_chr04	HAP1_chr12	19	1962943	27427338	15214619	0.048254	0.129017	0.125539	False	35568.6975
HAP1_chr04	HAP1_chr12	23	1754814	29231553	15843351	0.040508	0.110760	0.110992	False	483674.5864
HAP1_chr04	HAP1_chr13	11	1908381	2060002	1931468	0.916130	0.988047	0.004069	False	8.0789
HAP1_chr04	HAP1_chr13	13	5485067	13309671	8636707	0.333210	0.635088	0.053340	False	1112.5610
HAP1_chr04	HAP1_chr13	15	3473470	22783800	12723356	0.108432	0.273000	0.108762	False	3992.1721
HAP1_chr04	HAP1_chr13	17	2300241	26006895	13990276	0.061019	0.164417	0.127215	False	10970.8219
HAP1_chr04	HAP1_chr13	19	1969588	27427338	14531909	0.049252	0.135535	0.124512	False	36520.5430
HAP1_chr04	HAP1_chr13	23	1762070	29231553	15171031	0.041324	0.116147	0.110159	False	496319.6395
HAP1_chr05	HAP1_chr06	11	1979080	2025327	2038798	0.949179	0.977166	0.002402	False	7.2038
HAP1_chr05	HAP1_chr06	13	6272646	11136461	11709819	0.378471	0.563253	0.046111	False	1210.4350
HAP1_chr05	HAP1_chr06	15	4404352	17651154	18803996	0.137418	0.249522	0.094689	False	4815.2338
HAP1_chr05	HAP1_chr06	17	3306570	19900014	21246948	0.087382	0.166159	0.107535	False	14681.9624
HAP1_chr05	HAP1_chr06	19	3012813	21030021	22479660	0.074396	0.143262	0.104051	False	51311.6833
HAP1_chr05	HAP1_chr06	23	2821353	22606148	24198240	0.064146	0.124805	0.091983	False	715524.9192
HAP1_chr05	HAP1_chr07	11	1985316	2025327	2046395	0.951548	0.980245	0.002286	False	6.4074
HAP1_chr05	HAP1_chr07	13	6467619	11136461	12435220	0.378134	0.580761	0.046161	False	1152.0639
HAP1_chr05	HAP1_chr07	15	4382252	17651154	20565760	0.129520	0.248270	0.098171	False	4507.0510
HAP1_chr05	HAP1_chr07	17	3104671	19900014	23196081	0.077633	0.156014	0.113963	False	13161.1445
HAP1_chr05	HAP1_chr07	19	2754545	21030021	24309777	0.064683	0.130982	0.110936	False	45103.2239
HAP1_chr05	HAP1_chr07	23	2533574	22606148	25671551	0.055386	0.112075	0.098008	False	623830.1079
HAP1_chr05	HAP1_chr08	11	1970099	2025327	2028616	0.945416	0.972731	0.002587	False	7.8308
HAP1_chr05	HAP1_chr08	13	6108434	11136461	11493652	0.369722	0.548508	0.047420	False	1174.4208
HAP1_chr05	HAP1_chr08	15	4095096	17651154	18494234	0.127771	0.232002	0.098974	False	4471.8563
HAP1_chr05	HAP1_chr08	17	2908257	19900014	20753096	0.077050	0.146143	0.114375	False	13044.2767
HAP1_chr05	HAP1_chr08	19	2581630	21030021	21707091	0.064291	0.122759	0.111237	False	44737.2348
HAP1_chr05	HAP1_chr08	23	2380441	22606148	22851644	0.055260	0.105301	0.098102	False	621237.4630
HAP1_chr05	HAP1_chr09	11	1963187	2025327	2020578	0.942608	0.971597	0.002726	False	8.4554
HAP1_chr05	HAP1_chr09	13	5914662	11136461	11094258	0.362506	0.533128	0.048530	False	1163.4715
HAP1_chr05	HAP1_chr09	15	3852442	17651154	17520870	0.123004	0.219877	0.101226	False	4316.8468
HAP1_chr05	HAP1_chr09	17	2701056	19900014	19539222	0.073522	0.138238	0.116939	False	12482.6950
HAP1_chr05	HAP1_chr09	19	2386589	21030021	20384671	0.061151	0.117078	0.113717	False	42676.9014
HAP1_chr05	HAP1_chr09	23	2187725	22606148	21389444	0.052328	0.102281	0.100351	False	590135.6796
HAP1_chr05	HAP1_chr10	11	1916617	2025327	1967470	0.923146	0.974153	0.003708	False	11.9922
HAP1_chr05	HAP1_chr10	13	5192595	11136461	9232728	0.342145	0.562412	0.051819	False	1215.8327
HAP1_chr05	HAP1_chr10	15	3401179	17651154	13690679	0.121729	0.248430	0.101846	False	4398.5932
HAP1_chr05	HAP1_chr10	17	2482827	19900014	15120922	0.076305	0.164198	0.114906	False	13078.3958
HAP1_chr05	HAP1_chr10	19	2229844	21030021	15800391	0.064445	0.141126	0.111118	False	45300.6567
HAP1_chr05	HAP1_chr10	23	2060319	22606148	16692261	0.055328	0.123430	0.098051	False	629123.9849
HAP1_chr05	HAP1_chr11	11	1938275	2025327	1992902	0.931884	0.972589	0.003263	False	9.8230
HAP1_chr05	HAP1_chr11	13	5474769	11136461	10172119	0.345764	0.538213	0.051216	False	1142.2210
HAP1_chr05	HAP1_chr11	15	3378368	17651154	15601775	0.113085	0.216537	0.106240	False	4000.8196
HAP1_chr05	HAP1_chr11	17	2266349	19900014	17209853	0.065044	0.131689	0.123680	False	11150.6032
HAP1_chr05	HAP1_chr11	19	1958165	21030021	17828425	0.053066	0.109834	0.120777	False	37438.8421
HAP1_chr05	HAP1_chr11	23	1755990	22606148	18501368	0.044623	0.094911	0.106957	False	509306.0050
HAP1_chr05	HAP1_chr12	11	1902843	2025327	1952668	0.916966	0.974484	0.004026	False	12.4170
HAP1_chr05	HAP1_chr12	13	5038164	11136461	9037422	0.332866	0.557478	0.053400	False	1177.1587
HAP1_chr05	HAP1_chr12	15	3135025	17651154	13375243	0.112401	0.234390	0.106604	False	4064.4406
HAP1_chr05	HAP1_chr12	17	2165124	19900014	14676969	0.066800	0.147518	0.122210	False	11557.3545
HAP1_chr05	HAP1_chr12	19	1895840	21030021	15214619	0.055194	0.124606	0.118815	False	39243.9377
HAP1_chr05	HAP1_chr12	23	1714618	22606148	15843351	0.046675	0.108223	0.105087	False	537406.4784
HAP1_chr05	HAP1_chr13	11	1883520	2025327	1931468	0.908476	0.975175	0.004468	False	13.3277
HAP1_chr05	HAP1_chr13	13	4876123	11136461	8636707	0.327321	0.564581	0.054371	False	1187.0009
HAP1_chr05	HAP1_chr13	15	3045347	17651154	12723356	0.111432	0.239351	0.107123	False	4061.7452
HAP1_chr05	HAP1_chr13	17	2104489	19900014	13990276	0.066208	0.150425	0.122701	False	11509.6267
HAP1_chr05	HAP1_chr13	19	1836649	21030021	14531909	0.054459	0.126387	0.119483	False	38902.1668
HAP1_chr05	HAP1_chr13	23	1652924	22606148	15171031	0.045757	0.108953	0.105914	False	529424.9396
HAP1_chr06	HAP1_chr07	11	1997288	2038798	2046395	0.956599	0.979640	0.002039	False	5.5546
HAP1_chr06	HAP1_chr07	13	6704303	11709819	12435220	0.384405	0.572537	0.045245	False	1135.1213
HAP1_chr06	HAP1_chr07	15	4550578	18803996	20565760	0.130692	0.242001	0.097640	False	4513.0027
HAP1_chr06	HAP1_chr07	17	3220999	21246948	23196081	0.078138	0.151598	0.113610	False	13207.6098
HAP1_chr06	HAP1_chr07	19	2853652	22479660	24309777	0.064951	0.126944	0.110732	False	45192.3607
HAP1_chr06	HAP1_chr07	23	2613166	24198240	25671551	0.055297	0.107990	0.098074	False	621900.6676
HAP1_chr06	HAP1_chr08	11	1981648	2038798	2028616	0.950082	0.976847	0.002357	False	6.7498
HAP1_chr06	HAP1_chr08	13	6324017	11709819	11493652	0.374658	0.550218	0.046677	False	1154.8879
HAP1_chr06	HAP1_chr08	15	4243134	18803996	18494234	0.128366	0.229430	0.098700	False	4467.1991
HAP1_chr06	HAP1_chr08	17	3010978	21246948	20753096	0.077226	0.145086	0.114251	False	13063.0608
HAP1_chr06	HAP1_chr08	19	2670948	22479660	21707091	0.064336	0.123045	0.111202	False	44765.8657
HAP1_chr06	HAP1_chr08	23	2452782	24198240	22851644	0.054999	0.107335	0.098297	False	618700.4834
HAP1_chr06	HAP1_chr09	11	1974487	2038798	2020578	0.947047	0.977189	0.002507	False	7.2293
HAP1_chr06	HAP1_chr09	13	6110273	11709819	11094258	0.366020	0.550760	0.047986	False	1137.6991
HAP1_chr06	HAP1_chr09	15	3964513	18803996	17520870	0.122511	0.226274	0.101465	False	4277.4596
HAP1_chr06	HAP1_chr09	17	2760376	21246948	19539222	0.072592	0.141274	0.117637	False	12336.4476
HAP1_chr06	HAP1_chr09	19	2429511	22479660	20384671	0.060085	0.119183	0.114590	False	42017.5431
HAP1_chr06	HAP1_chr09	23	2212902	24198240	21389444	0.051018	0.103458	0.101399	False	576955.8205
HAP1_chr06	HAP1_chr10	11	1926826	2038798	1967470	0.926607	0.979342	0.003531	False	10.1963
HAP1_chr06	HAP1_chr10	13	5356124	11709819	9232728	0.343640	0.580124	0.051569	False	1188.9052
HAP1_chr06	HAP1_chr10	15	3502689	18803996	13690679	0.120816	0.255845	0.102293	False	4365.7617
HAP1_chr06	HAP1_chr10	17	2547418	21246948	15120922	0.075322	0.168470	0.115615	False	12978.7884
HAP1_chr06	HAP1_chr10	19	2285503	22479660	15800391	0.063496	0.144649	0.111852	False	44907.2617
HAP1_chr06	HAP1_chr10	23	2102769	24198240	16692261	0.054212	0.125973	0.098891	False	620604.0765
HAP1_chr06	HAP1_chr11	11	1948912	2038798	1992902	0.935723	0.977927	0.003070	False	8.2355
HAP1_chr06	HAP1_chr11	13	5650130	11709819	10172119	0.348090	0.555453	0.050834	False	1114.7268
HAP1_chr06	HAP1_chr11	15	3469274	18803996	15601775	0.112142	0.222364	0.106742	False	3953.8920
HAP1_chr06	HAP1_chr11	17	2312360	21246948	17209853	0.063976	0.134363	0.124595	False	11001.3028
HAP1_chr06	HAP1_chr11	19	1991164	22479660	17828425	0.051966	0.111685	0.121826	False	36819.1796
HAP1_chr06	HAP1_chr11	23	1777528	24198240	18501368	0.043437	0.096075	0.108079	False	498304.0689
HAP1_chr06	HAP1_chr12	11	1912436	2038798	1952668	0.919869	0.979396	0.003876	False	10.2349
HAP1_chr06	HAP1_chr12	13	5178219	11709819	9037422	0.332598	0.572975	0.053447	False	1139.8857
HAP1_chr06	HAP1_chr12	15	3185345	18803996	13375243	0.109863	0.238152	0.107974	False	3969.4346
HAP1_chr06	HAP1_chr12	17	2171211	21246948	14676969	0.064327	0.147933	0.124292	False	11204.8905
HAP1_chr06	HAP1_chr12	19	1891978	22479660	15214619	0.052845	0.124353	0.120986	False	37876.8617
HAP1_chr06	HAP1_chr12	23	1703503	24198240	15843351	0.044434	0.107522	0.107134	False	516059.3077
HAP1_chr06	HAP1_chr13	11	1893089	2038798	1931468	0.911376	0.980130	0.004316	False	11.2127
HAP1_chr06	HAP1_chr13	13	5037357	11709819	8636707	0.329042	0.583250	0.054068	False	1165.4415
HAP1_chr06	HAP1_chr13	15	3167706	18803996	12723356	0.111698	0.248968	0.106980	False	4077.6321
HAP1_chr06	HAP1_chr13	17	2194969	21246948	13990276	0.066429	0.156892	0.122517	False	11613.4308
HAP1_chr06	HAP1_chr13	19	1919491	22479660	14531909	0.054699	0.132088	0.119264	False	39323.0040
HAP1_chr06	HAP1_chr13	23	1727242	24198240	15171031	0.045886	0.113851	0.105796	False	534719.5110
HAP1_chr07	HAP1_chr08	11	1988266	2046395	2028616	0.952807	0.980110	0.002224	False	6.2179
HAP1_chr07	HAP1_chr08	13	6581494	12435220	11493652	0.379394	0.572620	0.045975	False	1125.0576
HAP1_chr07	HAP1_chr08	15	4329112	20565760	18494234	0.124647	0.234079	0.100439	False	4301.6193
HAP1_chr07	HAP1_chr08	17	2913368	23196081	20753096	0.070996	0.140382	0.118857	False	12069.9670
HAP1_chr07	HAP1_chr08	19	2518424	24309777	21707091	0.057897	0.116018	0.116433	False	40581.6645
HAP1_chr07	HAP1_chr08	23	2279403	25671551	22851644	0.049291	0.099748	0.102825	False	558223.4317
HAP1_chr07	HAP1_chr09	11	1980929	2046395	2020578	0.949610	0.980377	0.002381	False	6.5909
HAP1_chr07	HAP1_chr09	13	6364881	12435220	11094258	0.370814	0.573709	0.047255	False	1111.2989
HAP1_chr07	HAP1_chr09	15	4045614	20565760	17520870	0.118845	0.230903	0.103272	False	4118.9578
HAP1_chr07	HAP1_chr09	17	2665348	23196081	19539222	0.066517	0.136410	0.122444	False	11373.7680
HAP1_chr07	HAP1_chr09	19	2282132	24309777	20384671	0.053808	0.111953	0.120084	False	37946.0564
HAP1_chr07	HAP1_chr09	23	2044968	25671551	21389444	0.045428	0.095606	0.106214	False	517645.3327
HAP1_chr07	HAP1_chr10	11	1932721	2046395	1967470	0.928682	0.982338	0.003425	False	9.2880
HAP1_chr07	HAP1_chr10	13	5553065	12435220	9232728	0.344592	0.601454	0.051411	False	1152.2703
HAP1_chr07	HAP1_chr10	15	3562800	20565760	13690679	0.116076	0.260235	0.104679	False	4195.5470
HAP1_chr07	HAP1_chr10	17	2480764	23196081	15120922	0.069225	0.164062	0.120246	False	12074.6949
HAP1_chr07	HAP1_chr10	19	2178522	24309777	15800391	0.057433	0.137878	0.116833	False	41156.1718
HAP1_chr07	HAP1_chr10	23	1976558	25671551	16692261	0.048940	0.118412	0.103121	False	566367.2750
HAP1_chr07	HAP1_chr11	11	1955765	2046395	1992902	0.938678	0.981365	0.002922	False	7.9575
HAP1_chr07	HAP1_chr11	13	5910937	12435220	10172119	0.354025	0.581092	0.049871	False	1102.7898
HAP1_chr07	HAP1_chr11	15	3600055	20565760	15601775	0.110541	0.230747	0.107604	False	3883.6889
HAP1_chr07	HAP1_chr11	17	2294285	23196081	17209853	0.060199	0.133312	0.127965	False	10426.9910
HAP1_chr07	HAP1_chr11	19	1931103	24309777	17828425	0.048029	0.108316	0.125775	False	34332.3563
HAP1_chr07	HAP1_chr11	23	1703076	25671551	18501368	0.040101	0.092051	0.111414	False	463529.6443
HAP1_chr07	HAP1_chr12	11	1918815	2046395	1952668	0.922397	0.982663	0.003746	False	9.7127
HAP1_chr07	HAP1_chr12	13	5405354	12435220	9037422	0.336420	0.598108	0.052788	False	1123.4922
HAP1_chr07	HAP1_chr12	15	3304480	20565760	13375243	0.107861	0.247059	0.109080	False	3900.7269
HAP1_chr07	HAP1_chr12	17	2164040	23196081	14676969	0.060602	0.147445	0.127595	False	10671.0481
HAP1_chr07	HAP1_chr12	19	1846540	24309777	15214619	0.049009	0.121366	0.124761	False	35543.4203
HAP1_chr07	HAP1_chr12	23	1641441	25671551	15843351	0.041166	0.103604	0.110319	False	482778.0819
HAP1_chr07	HAP1_chr13	11	1899223	2046395	1931468	0.913685	0.983305	0.004196	False	10.5634
HAP1_chr07	HAP1_chr13	13	5243830	12435220	8636707	0.331299	0.607156	0.053672	False	1141.9825
HAP1_chr07	HAP1_chr13	15	3252825	20565760	12723356	0.108296	0.255658	0.108837	False	3961.1855
HAP1_chr07	HAP1_chr13	17	2149499	23196081	13990276	0.061350	0.153642	0.126915	False	10864.5265
HAP1_chr07	HAP1_chr13	19	1835683	24309777	14531909	0.049605	0.126321	0.124154	False	36156.9884
HAP1_chr07	HAP1_chr13	23	1628971	25671551	15171031	0.041541	0.107374	0.109940	False	489611.6038
HAP1_chr08	HAP1_chr09	11	1966223	2028616	2020578	0.943951	0.973099	0.002660	False	8.3534
HAP1_chr08	HAP1_chr09	13	6039319	11493652	11094258	0.364945	0.544364	0.048152	False	1148.6138
HAP1_chr08	HAP1_chr09	15	3858612	18494234	17520870	0.119995	0.220229	0.102699	False	4189.8314
HAP1_chr08	HAP1_chr09	17	2593099	20753096	19539222	0.068784	0.132713	0.120598	False	11717.6342
HAP1_chr08	HAP1_chr09	19	2239464	21707091	20384671	0.056194	0.109860	0.117919	False	39411.3697
HAP1_chr08	HAP1_chr09	23	2019994	22851644	21389444	0.047843	0.094439	0.104061	False	541955.3683
HAP1_chr08	HAP1_chr10	11	1919210	2028616	1967470	0.924085	0.975471	0.003660	False	11.6254
HAP1_chr08	HAP1_chr10	13	5263161	11493652	9232728	0.340366	0.570055	0.052118	False	1181.2052
HAP1_chr08	HAP1_chr10	15	3342782	18494234	13690679	0.115899	0.244165	0.104770	False	4180.8260
HAP1_chr08	HAP1_chr10	17	2332225	20753096	15120922	0.069532	0.154238	0.120003	False	12010.9729
HAP1_chr08	HAP1_chr10	19	2048312	21707091	15800391	0.057765	0.129637	0.116546	False	40953.1077
HAP1_chr08	HAP1_chr10	23	1862043	22851644	16692261	0.049415	0.111551	0.102721	False	565517.1390
HAP1_chr08	HAP1_chr11	11	1941758	2028616	1992902	0.933645	0.974337	0.003174	False	10.0725
HAP1_chr08	HAP1_chr11	13	5634582	11493652	10172119	0.351476	0.553924	0.050282	False	1151.9379
HAP1_chr08	HAP1_chr11	15	3494070	18494234	15601775	0.114178	0.223953	0.105664	False	4032.9685
HAP1_chr08	HAP1_chr11	17	2301702	20753096	17209853	0.064544	0.133743	0.124107	False	11084.0135
HAP1_chr08	HAP1_chr11	19	1964743	21707091	17828425	0.052294	0.110203	0.121510	False	36972.6433
HAP1_chr08	HAP1_chr11	23	1749356	22851644	18501368	0.044172	0.094553	0.107380	False	504649.0646
HAP1_chr08	HAP1_chr12	11	1905966	2028616	1952668	0.918397	0.976083	0.003952	False	12.4511
HAP1_chr08	HAP1_chr12	13	5148248	11493652	9037422	0.334675	0.569659	0.053087	False	1166.6115
HAP1_chr08	HAP1_chr12	15	3157417	18494234	13375243	0.109968	0.236064	0.107916	False	3972.7640
HAP1_chr08	HAP1_chr12	17	2100373	20753096	14676969	0.063018	0.143107	0.125429	False	10965.7215
HAP1_chr08	HAP1_chr12	19	1803704	21707091	15214619	0.051361	0.118551	0.122411	False	36745.9819
HAP1_chr08	HAP1_chr12	23	1612819	22851644	15843351	0.043493	0.101798	0.108025	False	502777.1315
HAP1_chr08	HAP1_chr13	11	1886812	2028616	1931468	0.910065	0.976880	0.004384	False	13.5092
HAP1_chr08	HAP1_chr13	13	5001013	11493652	8636707	0.330551	0.579042	0.053803	False	1187.5687
HAP1_chr08	HAP1_chr13	15	3131124	18494234	12723356	0.111482	0.246093	0.107096	False	4067.4707
HAP1_chr08	HAP1_chr13	17	2122074	20753096	13990276	0.065052	0.151682	0.123673	False	11358.6778
HAP1_chr08	HAP1_chr13	19	1830175	21707091	14531909	0.053189	0.125942	0.120662	False	38154.0296
HAP1_chr08	HAP1_chr13	23	1637142	22851644	15171031	0.044994	0.107912	0.106612	False	521545.6964
HAP1_chr09	HAP1_chr10	11	1912857	2020578	1967470	0.921774	0.972242	0.003778	False	12.5114
HAP1_chr09	HAP1_chr10	13	5112798	11094258	9232728	0.336055	0.553769	0.052850	False	1179.1177
HAP1_chr09	HAP1_chr10	15	3182068	17520870	13690679	0.113526	0.232426	0.106007	False	4092.0872
HAP1_chr09	HAP1_chr10	17	2204029	19539222	15120922	0.067908	0.145760	0.121303	False	11698.7276
HAP1_chr09	HAP1_chr10	19	1929627	20384671	15800391	0.056331	0.122125	0.117799	False	39812.0698
HAP1_chr09	HAP1_chr10	23	1744438	21389444	16692261	0.048007	0.104506	0.103920	False	547609.0079
HAP1_chr09	HAP1_chr11	11	1935311	2020578	1992902	0.931258	0.971102	0.003295	False	10.9523
HAP1_chr09	HAP1_chr11	13	5446431	11094258	10172119	0.344276	0.535427	0.051463	False	1135.9156
HAP1_chr09	HAP1_chr11	15	3250897	17520870	15601775	0.108828	0.208367	0.108543	False	3842.3318
HAP1_chr09	HAP1_chr11	17	2086821	19539222	17209853	0.060204	0.121257	0.127960	False	10349.3626
HAP1_chr09	HAP1_chr11	19	1759296	20384671	17828425	0.048261	0.098679	0.125532	False	34161.1312
HAP1_chr09	HAP1_chr11	23	1548018	21389444	18501368	0.040373	0.083670	0.111131	False	461579.0454
HAP1_chr09	HAP1_chr12	11	1899592	2020578	1952668	0.916060	0.972819	0.004072	False	13.2852
HAP1_chr09	HAP1_chr12	13	4987655	11094258	9037422	0.329348	0.551889	0.054014	False	1156.7518
HAP1_chr09	HAP1_chr12	15	2961247	17520870	13375243	0.106005	0.221398	0.110125	False	3821.4094
HAP1_chr09	HAP1_chr12	17	1935156	19539222	14676969	0.059947	0.131850	0.128198	False	10408.3355
HAP1_chr09	HAP1_chr12	19	1649424	20384671	15214619	0.048584	0.108410	0.125197	False	34674.5045
HAP1_chr09	HAP1_chr12	23	1462778	21389444	15843351	0.040894	0.092328	0.110596	False	471332.2897
HAP1_chr09	HAP1_chr13	11	1880473	2020578	1931468	0.907751	0.973598	0.004506	False	14.3160
HAP1_chr09	HAP1_chr13	13	4836443	11094258	8636707	0.324713	0.559987	0.054836	False	1172.2033
HAP1_chr09	HAP1_chr13	15	2908180	17520870	12723356	0.106386	0.228570	0.109909	False	3868.7444
HAP1_chr09	HAP1_chr13	17	1919529	19539222	13990276	0.060725	0.137205	0.127482	False	10581.8711
HAP1_chr09	HAP1_chr13	19	1637209	20384671	14531909	0.049196	0.112663	0.124570	False	35218.7340
HAP1_chr09	HAP1_chr13	23	1448803	21389444	15171031	0.041263	0.095498	0.110221	False	477061.2905
HAP1_chr10	HAP1_chr11	11	1890489	1967470	1992902	0.913331	0.960873	0.004214	False	15.2283
HAP1_chr10	HAP1_chr11	13	4765132	9232728	10172119	0.325493	0.516113	0.054696	False	1175.2574
HAP1_chr10	HAP1_chr11	15	2835697	13690679	15601775	0.107182	0.207126	0.109460	False	3864.9181
HAP1_chr10	HAP1_chr11	17	1905056	15120922	17209853	0.062613	0.125988	0.125786	False	10771.1781
HAP1_chr10	HAP1_chr11	19	1641355	15800391	17828425	0.051312	0.103881	0.122459	False	36209.6545
HAP1_chr10	HAP1_chr11	23	1459987	16692261	18501368	0.043280	0.087465	0.108230	False	492789.8750
HAP1_chr10	HAP1_chr12	11	1857629	1967470	1952668	0.900665	0.951329	0.004880	False	18.9943
HAP1_chr10	HAP1_chr12	13	4381322	9232728	9037422	0.315457	0.484798	0.056521	False	1201.4577
HAP1_chr10	HAP1_chr12	15	2600244	13690679	13375243	0.106281	0.194407	0.109968	False	3868.2923
HAP1_chr10	HAP1_chr12	17	1773514	15120922	14676969	0.063285	0.120837	0.125196	False	10872.9910
HAP1_chr10	HAP1_chr12	19	1540293	15800391	15214619	0.052258	0.101238	0.121545	False	36787.5063
HAP1_chr10	HAP1_chr12	23	1376349	16692261	15843351	0.044171	0.086872	0.107381	False	502018.8183
HAP1_chr10	HAP1_chr13	11	1840415	1967470	1931468	0.894046	0.952858	0.005233	False	21.0855
HAP1_chr10	HAP1_chr13	13	4270053	9232728	8636707	0.313989	0.494408	0.056794	False	1228.3587
HAP1_chr10	HAP1_chr13	15	2576444	13690679	12723356	0.108083	0.202497	0.108956	False	3953.5527
HAP1_chr10	HAP1_chr13	17	1780094	15120922	13990276	0.065131	0.127238	0.123606	False	11186.2694
HAP1_chr10	HAP1_chr13	19	1548612	15800391	14531909	0.053802	0.106566	0.120090	False	37847.1796
HAP1_chr10	HAP1_chr13	23	1382919	16692261	15171031	0.045371	0.091155	0.106266	False	515471.0203
HAP1_chr11	HAP1_chr12	11	1878084	1992902	1952668	0.908390	0.961804	0.004472	False	16.5054
HAP1_chr11	HAP1_chr12	13	4669617	10172119	9037422	0.321158	0.516698	0.055476	False	1165.9534
HAP1_chr11	HAP1_chr12	15	2685703	15601775	13375243	0.102152	0.200797	0.112361	False	3684.3436
HAP1_chr11	HAP1_chr12	17	1718662	17209853	14676969	0.056969	0.117099	0.131029	False	9851.0799
HAP1_chr11	HAP1_chr12	19	1447914	17828425	15214619	0.045827	0.095166	0.128134	False	32547.5479
HAP1_chr11	HAP1_chr12	23	1269680	18501368	15843351	0.038388	0.080140	0.113241	False	439886.7582
HAP1_chr11	HAP1_chr13	11	1859934	1992902	1931468	0.900940	0.962964	0.004865	False	18.0691
HAP1_chr11	HAP1_chr13	13	4549375	10172119	8636707	0.319043	0.526749	0.055861	False	1193.4587
HAP1_chr11	HAP1_chr13	15	2679179	15601775	12723356	0.104468	0.210572	0.111006	False	3797.9749
HAP1_chr11	HAP1_chr13	17	1753618	17209853	13990276	0.059553	0.125345	0.128564	False	10306.9572
HAP1_chr11	HAP1_chr13	19	1487293	17828425	14531909	0.048174	0.102347	0.125623	False	34212.3445
HAP1_chr11	HAP1_chr13	23	1306109	18501368	15171031	0.040354	0.086092	0.111151	False	462425.9562
HAP1_chr12	HAP1_chr13	11	1828888	1952668	1931468	0.889862	0.946890	0.005459	False	22.7354
HAP1_chr12	HAP1_chr13	13	4184947	9037422	8636707	0.310245	0.484554	0.057497	False	1218.7205
HAP1_chr12	HAP1_chr13	15	2445447	13375243	12723356	0.103388	0.192201	0.111634	False	3780.5060
HAP1_chr12	HAP1_chr13	17	1622757	14676969	13990276	0.060003	0.115992	0.128146	False	10341.2277
HAP1_chr12	HAP1_chr13	19	1386895	15214619	14531909	0.048904	0.095438	0.124868	False	34538.4294
HAP1_chr12	HAP1_chr13	23	1224898	15843351	15171031	0.041118	0.080739	0.110367	False	468642.1384
