,HAP1_chr01,HAP1_chr02,HAP1_chr03,HAP1_chr04,HAP1_chr05,HAP1_chr06,HAP1_chr07,HAP1_chr08,HAP1_chr09,HAP1_chr10,HAP1_chr11,HAP1_chr12,HAP1_chr13,HAP1_chr14,HAP1_chr15,HAP1_chr16,HAP1_chr17,HAP1_chr18,HAP1_chr19,HAP1_chr20,HAP1_chr21,HAP1_chr22,HAP1_chr23,HAP1_chr24,HAP1_chr25,HAP2_chr01,HAP2_chr02,HAP2_chr03,HAP2_chr04,HAP2_chr05,HAP2_chr06,HAP2_chr07,HAP2_chr08,HAP2_chr09,HAP2_chr10,HAP2_chr11,HAP2_chr12,HAP2_chr13,HAP2_chr14,HAP2_chr15,HAP2_chr16,HAP2_chr17,HAP2_chr18,HAP2_chr19,HAP2_chr20,HAP2_chr21,HAP2_chr22,HAP2_chr23,HAP2_chr24,HAP2_chr25,HAP3_chr01,HAP3_chr02,HAP3_chr03,HAP3_chr04,HAP3_chr05,HAP3_chr06,HAP3_chr07,HAP3_chr08,HAP3_chr09,HAP3_chr10,HAP3_chr11,HAP3_chr12,HAP3_chr13,HAP3_chr14,HAP3_chr15,HAP3_chr16,HAP3_chr17,HAP3_chr18,HAP3_chr19,HAP3_chr20,HAP3_chr21,HAP3_chr23,HAP3_chr24,HAP3_chr25,HAP4_chr01,HAP4_chr02,HAP4_chr03,HAP4_chr04,HAP4_chr05,HAP4_chr06,HAP4_chr07,HAP4_chr08,HAP4_chr09,HAP4_chr10,HAP4_chr11,HAP4_chr12,HAP4_chr13,HAP4_chr14,HAP4_chr15,HAP4_chr16,HAP4_chr17,HAP4_chr18,HAP4_chr19,HAP4_chr20,HAP4_chr21,HAP4_chr23,HAP4_chr24,HAP4_chr25
HAP1_chr01,0.000000,0.121614,0.116053,0.126505,0.119243,0.123730,0.124315,0.127267,0.122697,0.126915,0.119530,0.121143,0.126490,0.126336,0.123878,0.120792,0.125483,0.119816,0.117995,0.123152,0.120565,0.117837,0.127643,0.128293,0.124668,0.013974,0.121887,0.115847,0.127301,0.119640,0.124678,0.121158,0.126568,0.122725,0.127526,0.120324,0.121521,0.124447,0.126764,0.124062,0.121003,0.126043,0.119506,0.116990,0.124617,0.121056,0.117253,0.124507,0.128708,0.123172,0.014489,0.121902,0.115390,0.126012,0.118677,0.124323,0.119642,0.126461,0.121696,0.124542,0.121136,0.121446,0.126023,0.125916,0.123274,0.120761,0.126224,0.118789,0.117396,0.124513,0.120158,0.124690,0.128273,0.123591,0.013343,0.120287,0.115220,0.124907,0.118610,0.123886,0.120207,0.127162,0.122455,0.123514,0.117546,0.120708,0.125582,0.125453,0.121437,0.120795,0.124194,0.118186,0.117265,0.123267,0.120694,0.125491,0.125715,0.123988
HAP1_chr02,0.121614,0.000000,0.117310,0.125906,0.120712,0.123551,0.124681,0.128390,0.122841,0.126839,0.120987,0.121492,0.126892,0.127036,0.123690,0.122733,0.126711,0.120778,0.118978,0.125746,0.121377,0.119286,0.128158,0.128241,0.124893,0.119916,0.012972,0.117042,0.126514,0.120582,0.124884,0.123450,0.127329,0.123035,0.128032,0.120216,0.121553,0.125167,0.126360,0.124029,0.122747,0.126587,0.120120,0.118000,0.125449,0.121167,0.117999,0.125443,0.128404,0.123752,0.120188,0.012783,0.117527,0.126025,0.120222,0.124759,0.121124,0.126193,0.123441,0.124672,0.121135,0.122350,0.127686,0.126675,0.123443,0.121891,0.127682,0.119524,0.119115,0.124930,0.121917,0.125681,0.127914,0.123606,0.120120,0.012786,0.117469,0.124415,0.120275,0.124180,0.120400,0.127449,0.124253,0.124450,0.118443,0.122468,0.126301,0.125811,0.122617,0.121001,0.125931,0.118421,0.118897,0.124243,0.122166,0.126542,0.126116,0.124468
HAP1_chr03,0.116053,0.117310,0.000000,0.121888,0.115083,0.121611,0.118512,0.126794,0.120342,0.113634,0.117929,0.119890,0.121055,0.125736,0.122228,0.119636,0.124501,0.118250,0.114359,0.123364,0.120043,0.112177,0.126599,0.128831,0.118741,0.114398,0.117864,0.018982,0.123365,0.114604,0.122649,0.117172,0.125924,0.119586,0.122360,0.118662,0.118793,0.113435,0.121695,0.122572,0.119218,0.125480,0.115354,0.112876,0.124366,0.119083,0.111706,0.123567,0.129274,0.119975,0.113765,0.117999,0.018604,0.121001,0.112797,0.122961,0.114203,0.125127,0.119888,0.112424,0.118833,0.119556,0.123579,0.124307,0.120899,0.119186,0.125497,0.114043,0.110761,0.122863,0.119120,0.123445,0.128498,0.115680,0.113400,0.117157,0.018354,0.118675,0.110251,0.121356,0.113758,0.125441,0.119447,0.109613,0.114709,0.118940,0.121610,0.124183,0.120094,0.117632,0.123455,0.112771,0.110088,0.122791,0.119153,0.124570,0.125803,0.114963
HAP1_chr04,0.126505,0.125906,0.121888,0.000000,0.126075,0.127733,0.128494,0.130742,0.127566,0.127388,0.124092,0.123196,0.129131,0.129639,0.124845,0.126933,0.129197,0.124318,0.123280,0.128987,0.124810,0.121491,0.129562,0.130487,0.125720,0.126226,0.126522,0.121691,0.013804,0.126541,0.128591,0.127784,0.130254,0.127762,0.128329,0.122885,0.124190,0.127587,0.128991,0.127055,0.126397,0.129934,0.124233,0.122931,0.129472,0.123785,0.121047,0.127943,0.129560,0.126275,0.125790,0.125753,0.121857,0.015023,0.124356,0.128988,0.126577,0.129177,0.126860,0.126439,0.123964,0.125176,0.129940,0.129701,0.125771,0.126579,0.130227,0.123579,0.127651,0.128826,0.124724,0.128010,0.129737,0.124280,0.125436,0.125547,0.122140,0.013275,0.126845,0.128358,0.127259,0.129737,0.128328,0.124435,0.121409,0.124114,0.129360,0.127997,0.125661,0.125831,0.128874,0.123371,0.127608,0.128201,0.125548,0.127700,0.127924,0.125051
HAP1_chr05,0.119243,0.120712,0.115083,0.126075,0.000000,0.123295,0.122199,0.126842,0.121377,0.125538,0.120195,0.120880,0.126190,0.126482,0.123610,0.121782,0.125765,0.120623,0.116772,0.123950,0.121727,0.117631,0.127384,0.128783,0.125457,0.118355,0.120855,0.114332,0.126448,0.011328,0.124172,0.121229,0.126904,0.121523,0.127814,0.119136,0.120755,0.124664,0.125964,0.124567,0.121855,0.126468,0.118873,0.116185,0.125359,0.121970,0.116647,0.125201,0.129034,0.123818,0.117927,0.120239,0.114611,0.126312,0.011247,0.123689,0.118768,0.126304,0.121749,0.123706,0.120313,0.121510,0.127095,0.126251,0.123566,0.121047,0.126957,0.118262,0.116075,0.123797,0.122433,0.125194,0.128674,0.123306,0.118077,0.119379,0.114353,0.123997,0.011323,0.123453,0.118386,0.126433,0.122352,0.123175,0.117317,0.121136,0.125028,0.124843,0.121938,0.120943,0.125321,0.117642,0.115851,0.123151,0.122243,0.125809,0.126407,0.124358
HAP1_chr06,0.123730,0.123551,0.121611,0.127733,0.123295,0.000000,0.127003,0.129404,0.124225,0.128018,0.123198,0.123574,0.128611,0.128570,0.125961,0.124178,0.128643,0.123180,0.121451,0.127192,0.124139,0.121461,0.128803,0.129846,0.127059,0.122964,0.124453,0.121417,0.128671,0.123198,0.011944,0.125552,0.128792,0.125349,0.129483,0.122585,0.123263,0.127348,0.128505,0.126491,0.124378,0.128374,0.122568,0.121370,0.127992,0.124931,0.120816,0.127133,0.130076,0.125663,0.123047,0.124748,0.121316,0.128120,0.123244,0.012659,0.124070,0.128690,0.125059,0.125377,0.123884,0.124496,0.129190,0.128533,0.125250,0.124537,0.129466,0.122221,0.123551,0.126486,0.123943,0.126584,0.129983,0.126133,0.123272,0.123535,0.122662,0.126668,0.123328,0.011629,0.124653,0.128765,0.125295,0.125705,0.120570,0.123907,0.127323,0.128207,0.124836,0.123815,0.128319,0.120988,0.123224,0.126525,0.124714,0.127356,0.127974,0.126413
HAP1_chr07,0.124315,0.124681,0.118512,0.128494,0.122199,0.127003,0.000000,0.130329,0.124062,0.128605,0.123184,0.125117,0.128966,0.129968,0.118649,0.125083,0.127546,0.123939,0.121029,0.127903,0.124874,0.121033,0.129864,0.131176,0.127620,0.123321,0.124482,0.118684,0.129473,0.122573,0.127943,0.016992,0.129817,0.124968,0.131000,0.122942,0.125167,0.127279,0.127167,0.127836,0.125108,0.129045,0.123266,0.120489,0.127990,0.124747,0.121013,0.127755,0.131318,0.126633,0.122125,0.124204,0.118484,0.129916,0.122440,0.127403,0.016334,0.129629,0.124873,0.128309,0.124003,0.125694,0.129669,0.129260,0.121530,0.125084,0.130574,0.122173,0.122150,0.127392,0.125686,0.127682,0.130776,0.126225,0.119008,0.123977,0.118430,0.127046,0.122795,0.127122,0.016285,0.129839,0.124770,0.126350,0.121112,0.125345,0.128662,0.128670,0.120959,0.124181,0.129479,0.121468,0.122231,0.126792,0.125919,0.128600,0.129111,0.125894
HAP1_chr08,0.127267,0.128390,0.126794,0.130742,0.126842,0.129404,0.130329,0.000000,0.128379,0.129974,0.126108,0.126845,0.130699,0.131131,0.128487,0.128039,0.130089,0.126660,0.124716,0.128915,0.113389,0.125768,0.131334,0.132133,0.129230,0.126589,0.128400,0.126779,0.131140,0.127162,0.126526,0.129647,0.014368,0.129189,0.131632,0.125525,0.126841,0.129321,0.130810,0.128525,0.128192,0.130692,0.126073,0.123945,0.129044,0.113833,0.125247,0.129461,0.132384,0.127530,0.126758,0.127943,0.127204,0.130572,0.126977,0.126514,0.128478,0.014784,0.128282,0.129276,0.125887,0.127260,0.131165,0.130704,0.128056,0.128265,0.131422,0.125452,0.128027,0.129349,0.113487,0.128749,0.131290,0.126759,0.127575,0.127373,0.127347,0.128729,0.127110,0.126539,0.129516,0.013661,0.128575,0.127968,0.124410,0.127009,0.130964,0.129854,0.126876,0.128035,0.130414,0.125348,0.127989,0.128548,0.127955,0.130103,0.130289,0.129274
HAP1_chr09,0.122697,0.122841,0.120342,0.127566,0.121377,0.124225,0.124062,0.128379,0.000000,0.126503,0.122145,0.122604,0.127945,0.127452,0.124444,0.122890,0.126932,0.121458,0.119246,0.125502,0.123389,0.120190,0.129154,0.129237,0.125566,0.120583,0.123101,0.119350,0.128503,0.121034,0.124631,0.123516,0.127523,0.013260,0.128464,0.121165,0.123003,0.125776,0.126532,0.125273,0.123445,0.128078,0.121213,0.119629,0.126247,0.123325,0.120134,0.125725,0.129587,0.124520,0.120629,0.123612,0.119548,0.128201,0.121329,0.125560,0.122004,0.127855,0.012298,0.125230,0.121923,0.123570,0.128371,0.128022,0.123803,0.123141,0.128589,0.120878,0.121193,0.124713,0.123441,0.125515,0.128227,0.125127,0.121077,0.121500,0.120061,0.125872,0.121821,0.124656,0.121784,0.127963,0.012297,0.125318,0.119481,0.123068,0.127432,0.127303,0.123979,0.122140,0.127461,0.119757,0.120620,0.123889,0.123442,0.126836,0.126624,0.125135
HAP1_chr10,0.126915,0.126839,0.113634,0.127388,0.125538,0.128018,0.128605,0.129974,0.126503,0.000000,0.124305,0.125914,0.127440,0.129918,0.126668,0.126775,0.128862,0.125595,0.123641,0.128141,0.126652,0.122454,0.129327,0.131046,0.125177,0.125894,0.126239,0.115369,0.128169,0.125318,0.127966,0.128562,0.129200,0.127125,0.012177,0.124088,0.125504,0.126321,0.128207,0.127448,0.128100,0.130475,0.124945,0.122333,0.129188,0.126007,0.121954,0.128283,0.131217,0.126619,0.126281,0.125963,0.114983,0.127982,0.125295,0.128594,0.126890,0.129209,0.126881,0.012933,0.124136,0.126114,0.129435,0.129684,0.125637,0.127317,0.130257,0.124083,0.126951,0.128528,0.126067,0.127980,0.129973,0.124988,0.125210,0.125255,0.113953,0.125174,0.123794,0.128214,0.128043,0.129157,0.127752,0.012737,0.122673,0.126049,0.128665,0.129217,0.125849,0.126863,0.129309,0.122944,0.125977,0.127171,0.126923,0.128206,0.128854,0.122842
HAP1_chr11,0.119530,0.120987,0.117929,0.124092,0.120195,0.123198,0.123184,0.126108,0.122145,0.124305,0.000000,0.120628,0.126136,0.126101,0.121849,0.121344,0.124208,0.120105,0.117920,0.122745,0.119841,0.117388,0.126293,0.126103,0.122193,0.119296,0.121394,0.118226,0.125135,0.119967,0.124222,0.122697,0.125347,0.122336,0.125445,0.010338,0.120583,0.123489,0.124005,0.122394,0.121155,0.125879,0.120032,0.117603,0.123895,0.119731,0.117645,0.123624,0.127517,0.122229,0.119012,0.122328,0.117767,0.124833,0.119534,0.123785,0.121584,0.125619,0.122675,0.123333,0.008865,0.120798,0.124956,0.124949,0.121348,0.121239,0.125005,0.119607,0.119977,0.122551,0.119689,0.123872,0.125739,0.122872,0.119288,0.121112,0.118060,0.122860,0.119658,0.123928,0.121271,0.126073,0.123093,0.122900,0.034983,0.120949,0.125279,0.123604,0.120664,0.120259,0.124094,0.119248,0.120389,0.122646,0.120777,0.124292,0.123906,0.121173
HAP1_chr12,0.121143,0.121492,0.119890,0.123196,0.120880,0.123574,0.125117,0.126845,0.122604,0.125914,0.120628,0.000000,0.126778,0.127138,0.123351,0.122136,0.126368,0.120924,0.118654,0.123760,0.121293,0.119352,0.127638,0.126783,0.124325,0.120784,0.122272,0.119608,0.125057,0.121003,0.124509,0.122673,0.126424,0.122810,0.127010,0.119577,0.012557,0.124770,0.126128,0.123979,0.122505,0.126138,0.120188,0.117920,0.124642,0.121081,0.118036,0.125028,0.127517,0.123222,0.121131,0.121978,0.120585,0.124476,0.120911,0.124387,0.122037,0.125188,0.122505,0.124621,0.120567,0.012294,0.126902,0.126766,0.123268,0.121922,0.126776,0.119308,0.121625,0.124430,0.121078,0.124943,0.127487,0.123505,0.120584,0.121428,0.120192,0.123418,0.121565,0.125068,0.122045,0.126375,0.123184,0.123508,0.117657,0.012179,0.125518,0.126466,0.122122,0.121546,0.125481,0.119308,0.121695,0.122958,0.121955,0.125374,0.125250,0.123847
HAP1_chr13,0.126490,0.126892,0.121055,0.129131,0.126190,0.128611,0.128966,0.130699,0.127945,0.127440,0.126136,0.126778,0.000000,0.130181,0.127263,0.127046,0.129839,0.125551,0.123146,0.128183,0.126035,0.123950,0.130644,0.132123,0.128632,0.125598,0.126642,0.120760,0.130157,0.126721,0.129150,0.128402,0.129473,0.127782,0.130270,0.125079,0.126480,0.012359,0.129984,0.128676,0.127366,0.130214,0.125541,0.122982,0.129127,0.126461,0.123129,0.128872,0.131590,0.127493,0.125456,0.126806,0.121309,0.129297,0.126508,0.129212,0.126492,0.129247,0.126911,0.128036,0.125998,0.127212,0.013752,0.130461,0.127078,0.126952,0.130823,0.125162,0.126436,0.128644,0.126744,0.128340,0.131746,0.127620,0.126159,0.126250,0.121261,0.127734,0.126356,0.128459,0.127331,0.130371,0.128259,0.125682,0.123470,0.126675,0.013352,0.129825,0.126474,0.126509,0.129570,0.125179,0.125759,0.127948,0.126625,0.129228,0.129709,0.128250
HAP1_chr14,0.126336,0.127036,0.125736,0.129639,0.126482,0.128570,0.129968,0.131131,0.127452,0.129918,0.126101,0.127138,0.130181,0.000000,0.128163,0.127650,0.130424,0.125180,0.123468,0.128920,0.126633,0.124589,0.131023,0.131424,0.128470,0.125315,0.126844,0.124388,0.130880,0.126621,0.130283,0.128747,0.130617,0.128152,0.129951,0.125839,0.126829,0.128235,0.012926,0.129160,0.128165,0.129708,0.124847,0.123231,0.129665,0.125855,0.123953,0.129376,0.131724,0.126894,0.126110,0.126807,0.125376,0.130320,0.125654,0.130221,0.127035,0.129822,0.127320,0.128712,0.125686,0.126929,0.130170,0.012660,0.128263,0.127590,0.131641,0.125047,0.127854,0.129345,0.126760,0.127808,0.131440,0.127003,0.125218,0.126089,0.125643,0.129102,0.127110,0.129223,0.127965,0.130106,0.128154,0.128171,0.123615,0.126537,0.129792,0.012454,0.126568,0.127515,0.129637,0.124778,0.127470,0.127944,0.127294,0.129660,0.129280,0.127648
HAP1_chr15,0.123878,0.123690,0.122228,0.124845,0.123610,0.125961,0.118649,0.128487,0.124444,0.126668,0.121849,0.123351,0.127263,0.128163,0.000000,0.123898,0.127034,0.123433,0.120336,0.126005,0.123338,0.120106,0.128637,0.129088,0.125165,0.123088,0.124193,0.122813,0.126642,0.123091,0.126419,0.125722,0.128101,0.125094,0.127937,0.121449,0.123776,0.125776,0.126138,0.014826,0.123489,0.127195,0.122880,0.120191,0.126447,0.123564,0.120100,0.126107,0.129580,0.124313,0.122079,0.124148,0.122862,0.126382,0.123964,0.126719,0.125467,0.127372,0.125362,0.125241,0.121792,0.123645,0.127961,0.127317,0.015529,0.124630,0.128430,0.122342,0.124509,0.125386,0.123477,0.126425,0.127839,0.124737,0.122991,0.124059,0.123292,0.125064,0.124291,0.125801,0.124296,0.128287,0.125610,0.124776,0.120125,0.123921,0.127587,0.126240,0.015036,0.123719,0.127019,0.121201,0.123893,0.125438,0.123896,0.126342,0.127008,0.125738
HAP1_chr16,0.120792,0.122733,0.119636,0.126933,0.121782,0.124178,0.125083,0.128039,0.122890,0.126775,0.121344,0.122136,0.127046,0.127650,0.123898,0.000000,0.124326,0.121718,0.119031,0.122796,0.122033,0.119431,0.128110,0.129090,0.126085,0.120532,0.122772,0.119364,0.128434,0.120989,0.124878,0.122988,0.127589,0.123194,0.128146,0.122194,0.122543,0.125163,0.125360,0.124857,0.011318,0.125509,0.120742,0.118368,0.124786,0.122282,0.118449,0.126194,0.129809,0.124736,0.120176,0.122412,0.118940,0.126549,0.121469,0.125689,0.122376,0.126558,0.123049,0.125459,0.121867,0.122807,0.126283,0.126580,0.123763,0.011742,0.126004,0.120006,0.120542,0.125693,0.121449,0.125949,0.128914,0.124902,0.120315,0.121007,0.119532,0.125374,0.120672,0.124350,0.122918,0.127886,0.124127,0.124728,0.118925,0.122044,0.126605,0.126277,0.123073,0.012178,0.125522,0.119247,0.120466,0.124924,0.122080,0.126811,0.126429,0.125393
HAP1_chr17,0.125483,0.126711,0.124501,0.129197,0.125765,0.128643,0.127546,0.130089,0.126932,0.128862,0.124208,0.126368,0.129839,0.130424,0.127034,0.124326,0.000000,0.124740,0.122756,0.127074,0.125304,0.123447,0.129088,0.131115,0.127921,0.124858,0.126592,0.125195,0.130745,0.125552,0.128368,0.128175,0.130220,0.127425,0.129917,0.124249,0.126214,0.128798,0.129325,0.128020,0.125165,0.010461,0.124325,0.122541,0.127337,0.125799,0.123934,0.128295,0.131603,0.127244,0.125597,0.126422,0.124874,0.130188,0.126081,0.129445,0.126934,0.129484,0.127452,0.128054,0.124916,0.126951,0.129692,0.130350,0.126131,0.125063,0.013267,0.124533,0.126263,0.128509,0.125591,0.128106,0.131161,0.127307,0.125476,0.126093,0.125759,0.128470,0.125386,0.128488,0.127397,0.130162,0.127925,0.127601,0.123056,0.125935,0.129308,0.129644,0.126780,0.124633,0.013009,0.123926,0.126158,0.127931,0.125689,0.128730,0.128618,0.126928
HAP1_chr18,0.119816,0.120778,0.118250,0.124318,0.120623,0.123180,0.123939,0.126660,0.121458,0.125595,0.120105,0.120924,0.125551,0.125180,0.123433,0.121718,0.124740,0.000000,0.118436,0.124051,0.120532,0.118433,0.126343,0.126860,0.123728,0.119692,0.121118,0.118322,0.126093,0.120161,0.124342,0.121926,0.126878,0.122729,0.126964,0.120353,0.121045,0.123688,0.125094,0.123965,0.121812,0.125523,0.013071,0.118064,0.124712,0.120745,0.117664,0.124543,0.127307,0.122587,0.118742,0.121330,0.117758,0.125706,0.119580,0.124892,0.120484,0.125768,0.122014,0.123652,0.120956,0.121515,0.125477,0.126095,0.122622,0.120987,0.126513,0.012950,0.119962,0.124638,0.120169,0.124228,0.127124,0.122930,0.118829,0.120032,0.118656,0.123784,0.119656,0.123600,0.120553,0.126841,0.122759,0.122261,0.117798,0.120572,0.125308,0.124628,0.121607,0.120506,0.124068,0.014258,0.119478,0.123800,0.121387,0.125032,0.124133,0.123298
HAP1_chr19,0.117995,0.118978,0.114359,0.123280,0.116772,0.121451,0.121029,0.124716,0.119246,0.123641,0.117920,0.118654,0.123146,0.123468,0.120336,0.119031,0.122756,0.118436,0.000000,0.121444,0.118413,0.114430,0.125103,0.125626,0.122561,0.116834,0.119321,0.114629,0.124133,0.116540,0.122606,0.119040,0.123935,0.118971,0.125225,0.116073,0.118686,0.122053,0.123469,0.121282,0.119286,0.123069,0.117007,0.007238,0.122468,0.119705,0.115009,0.122648,0.126139,0.121202,0.116098,0.118859,0.114367,0.124051,0.116207,0.121953,0.117519,0.123289,0.119403,0.122507,0.117795,0.118830,0.124121,0.123992,0.119867,0.118524,0.124312,0.117064,0.055245,0.120663,0.119133,0.121896,0.125581,0.121255,0.117149,0.118031,0.114824,0.121795,0.117320,0.121464,0.117803,0.124400,0.119033,0.121554,0.113909,0.118648,0.123823,0.123419,0.118785,0.118417,0.122512,0.116275,0.054450,0.120718,0.119625,0.122966,0.122745,0.121432
HAP1_chr20,0.123152,0.125746,0.123364,0.128987,0.123950,0.127192,0.127903,0.128915,0.125502,0.128141,0.122745,0.123760,0.128183,0.128920,0.126005,0.122796,0.127074,0.124051,0.121444,0.000000,0.124134,0.122475,0.128342,0.129663,0.126450,0.122642,0.126099,0.122853,0.128957,0.124750,0.127689,0.126483,0.128346,0.126431,0.128127,0.122922,0.124249,0.127239,0.128478,0.126430,0.124872,0.127362,0.123297,0.120774,0.011846,0.124747,0.121689,0.126678,0.131159,0.125779,0.122959,0.125521,0.123753,0.129318,0.123775,0.127628,0.125365,0.128122,0.125755,0.126217,0.123282,0.123971,0.128294,0.128536,0.125542,0.123776,0.128055,0.123283,0.125181,0.012180,0.123164,0.126667,0.129918,0.125656,0.123147,0.124681,0.123781,0.127323,0.123883,0.127507,0.125657,0.128573,0.126504,0.126439,0.120807,0.123790,0.127766,0.128624,0.124463,0.123713,0.126550,0.122969,0.125139,0.012360,0.124136,0.127438,0.128119,0.126024
HAP1_chr21,0.120565,0.121377,0.120043,0.124810,0.121727,0.124139,0.124874,0.113389,0.123389,0.126652,0.119841,0.121293,0.126035,0.126633,0.123338,0.122033,0.125304,0.120532,0.118413,0.124134,0.000000,0.117892,0.127643,0.127269,0.124000,0.120437,0.122503,0.119509,0.126537,0.121984,0.125139,0.123433,0.126523,0.123377,0.127091,0.120060,0.121624,0.124613,0.125198,0.124287,0.122034,0.126369,0.120020,0.118444,0.124626,0.014302,0.117619,0.124827,0.127473,0.123201,0.119814,0.122085,0.119685,0.125476,0.121866,0.124433,0.122457,0.126064,0.123691,0.121873,0.121541,0.121571,0.126106,0.125954,0.123592,0.121940,0.126522,0.119929,0.122938,0.124836,0.014132,0.124733,0.126795,0.123178,0.120019,0.121752,0.119548,0.124092,0.120608,0.125020,0.122912,0.127286,0.123625,0.124097,0.117870,0.121735,0.126689,0.125230,0.122655,0.121108,0.125147,0.119086,0.122608,0.123839,0.014516,0.125349,0.125021,0.123819
HAP1_chr22,0.117837,0.119286,0.112177,0.121491,0.117631,0.121461,0.121033,0.125768,0.120190,0.122454,0.117388,0.119352,0.123950,0.124589,0.120106,0.119431,0.123447,0.118433,0.114430,0.122475,0.117892,0.000000,0.124168,0.126752,0.120049,0.116039,0.119950,0.111578,0.122418,0.117669,0.122540,0.119980,0.124605,0.120168,0.124617,0.116810,0.119143,0.121253,0.123142,0.120627,0.118748,0.125202,0.117100,0.114386,0.123188,0.118056,0.012806,0.121254,0.125375,0.119353,0.116733,0.119160,0.110925,0.121661,0.117638,0.121848,0.118214,0.124212,0.120134,0.120275,0.118287,0.119757,0.124194,0.124038,0.119903,0.119142,0.125100,0.116225,0.052524,0.122215,0.118606,0.121672,0.125777,0.117897,0.116120,0.119180,0.111359,0.119796,0.117929,0.122090,0.118551,0.124998,0.120430,0.119752,0.115471,0.118550,0.123667,0.122721,0.117715,0.118525,0.122762,0.115500,0.053062,0.121712,0.119413,0.122469,0.123624,0.117462
HAP1_chr23,0.127643,0.128158,0.126599,0.129562,0.127384,0.128803,0.129864,0.131334,0.129154,0.129327,0.126293,0.127638,0.130644,0.131023,0.128637,0.128110,0.129088,0.126343,0.125103,0.128342,0.127643,0.124168,0.000000,0.131023,0.128372,0.126788,0.128513,0.127172,0.129618,0.128013,0.129908,0.130064,0.130335,0.129238,0.130182,0.125484,0.127639,0.130142,0.131166,0.128870,0.128435,0.130691,0.125564,0.124893,0.129141,0.126500,0.124025,0.012767,0.131441,0.128157,0.127509,0.128270,0.127297,0.130240,0.127732,0.130195,0.128733,0.130375,0.128865,0.128199,0.125901,0.127970,0.130741,0.130923,0.127476,0.127830,0.130084,0.125949,0.129373,0.127769,0.126589,0.012870,0.130969,0.128182,0.127466,0.127833,0.127651,0.128323,0.127800,0.129650,0.129689,0.130771,0.129714,0.127908,0.123545,0.127609,0.130456,0.131025,0.127263,0.127590,0.129206,0.124725,0.128505,0.127989,0.127477,0.012535,0.129027,0.127990
HAP1_chr24,0.128293,0.128241,0.128831,0.130487,0.128783,0.129846,0.131176,0.132133,0.129237,0.131046,0.126103,0.126783,0.132123,0.131424,0.129088,0.129090,0.131115,0.126860,0.125626,0.129663,0.127269,0.126752,0.131023,0.000000,0.129441,0.128351,0.129028,0.129427,0.131167,0.129264,0.130549,0.130567,0.131789,0.129625,0.131888,0.126485,0.127343,0.130591,0.130921,0.129327,0.129147,0.131456,0.126707,0.125517,0.131280,0.127337,0.125707,0.130276,0.013728,0.128776,0.128138,0.128590,0.129833,0.131110,0.129223,0.131334,0.129119,0.130899,0.129252,0.129989,0.125583,0.128146,0.131729,0.131072,0.129250,0.128923,0.132621,0.127617,0.130337,0.129906,0.126954,0.129233,0.011998,0.129577,0.128384,0.128534,0.129541,0.129444,0.129356,0.131145,0.129789,0.131006,0.130350,0.129842,0.124359,0.127556,0.131078,0.130851,0.127961,0.128895,0.130628,0.126124,0.129919,0.128912,0.128252,0.131235,0.014624,0.128502
HAP1_chr25,0.124668,0.124893,0.118741,0.125720,0.125457,0.127059,0.127620,0.129230,0.125566,0.125177,0.122193,0.124325,0.128632,0.128470,0.125165,0.126085,0.127921,0.123728,0.122561,0.126450,0.124000,0.120049,0.128372,0.129441,0.000000,0.123641,0.125453,0.120493,0.126314,0.125268,0.128090,0.127429,0.128168,0.125046,0.126772,0.122042,0.124380,0.123679,0.119776,0.125990,0.126537,0.128146,0.124056,0.121805,0.127030,0.122674,0.119493,0.126825,0.129471,0.014426,0.124031,0.125122,0.121134,0.127313,0.125122,0.127859,0.126476,0.127751,0.126192,0.124273,0.122878,0.124685,0.128603,0.127930,0.125183,0.125997,0.128776,0.123506,0.126500,0.127194,0.123528,0.126537,0.129292,0.014470,0.124589,0.124857,0.121135,0.125426,0.124005,0.127851,0.126778,0.128466,0.127807,0.123283,0.121843,0.124698,0.124242,0.126974,0.123301,0.124951,0.127206,0.123185,0.126079,0.125325,0.124226,0.127664,0.126981,0.013387
HAP2_chr01,0.013974,0.119916,0.114398,0.126226,0.118355,0.122964,0.123321,0.126589,0.120583,0.125894,0.119296,0.120784,0.125598,0.125315,0.123088,0.120532,0.124858,0.119692,0.116834,0.122642,0.120437,0.116039,0.126788,0.128351,0.123641,0.000000,0.120862,0.113820,0.127089,0.118567,0.123878,0.119979,0.125848,0.121486,0.126317,0.119661,0.120952,0.123673,0.124442,0.122451,0.120506,0.125885,0.117830,0.116138,0.124544,0.120251,0.116026,0.124279,0.128693,0.122208,0.013311,0.120386,0.113131,0.126202,0.116192,0.123777,0.117910,0.126279,0.120993,0.124007,0.120566,0.121377,0.126020,0.125107,0.122503,0.120108,0.126219,0.117772,0.115834,0.123352,0.119677,0.124091,0.127659,0.121973,0.013593,0.118445,0.113022,0.124461,0.117800,0.123039,0.118593,0.126081,0.121437,0.123375,0.116591,0.119713,0.124727,0.124856,0.120663,0.119215,0.123991,0.117244,0.115673,0.122663,0.120380,0.124811,0.125407,0.122292
HAP2_chr02,0.121887,0.012972,0.117864,0.126522,0.120855,0.124453,0.124482,0.128400,0.123101,0.126239,0.121394,0.122272,0.126642,0.126844,0.124193,0.122772,0.126592,0.121118,0.119321,0.126099,0.122503,0.119950,0.128513,0.129028,0.125453,0.120862,0.000000,0.117635,0.127334,0.120927,0.125829,0.123450,0.127147,0.124100,0.128127,0.121017,0.121801,0.125429,0.125724,0.124963,0.122952,0.127469,0.121230,0.118846,0.126334,0.122695,0.118134,0.126559,0.129166,0.124215,0.120351,0.012009,0.117786,0.127089,0.120548,0.125082,0.121824,0.126875,0.123312,0.124862,0.121466,0.123191,0.127725,0.125673,0.123743,0.122688,0.127681,0.120393,0.119320,0.125838,0.122072,0.126077,0.128000,0.123592,0.120945,0.012238,0.118172,0.125547,0.121178,0.124511,0.121941,0.127515,0.124328,0.124534,0.118268,0.122405,0.126550,0.125914,0.123071,0.121369,0.126325,0.118814,0.120069,0.124277,0.122870,0.125899,0.126459,0.124870
HAP2_chr03,0.115847,0.117042,0.018982,0.121691,0.114332,0.121417,0.118684,0.126779,0.119350,0.115369,0.118226,0.119608,0.120760,0.124388,0.122813,0.119364,0.125195,0.118322,0.114629,0.122853,0.119509,0.111578,0.127172,0.129427,0.120493,0.113820,0.117635,0.000000,0.123021,0.114246,0.123207,0.116596,0.125684,0.119813,0.122560,0.118226,0.117624,0.115627,0.122751,0.122765,0.118927,0.125206,0.115609,0.113769,0.123629,0.119475,0.110610,0.124174,0.129420,0.121396,0.113668,0.117221,0.018822,0.120617,0.112597,0.122584,0.113802,0.125110,0.119725,0.110094,0.119218,0.118664,0.123256,0.124231,0.122363,0.118798,0.125257,0.114255,0.110057,0.122905,0.119493,0.124306,0.129101,0.115836,0.113117,0.116294,0.016341,0.118638,0.110152,0.121502,0.112869,0.125599,0.119782,0.110505,0.114630,0.118857,0.121089,0.123264,0.120056,0.118376,0.121962,0.113699,0.109440,0.122127,0.119232,0.125036,0.126980,0.116817
HAP2_chr04,0.127301,0.126514,0.123365,0.013804,0.126448,0.128671,0.129473,0.131140,0.128503,0.128169,0.125135,0.125057,0.130157,0.130880,0.126642,0.128434,0.130745,0.126093,0.124133,0.128957,0.126537,0.122418,0.129618,0.131167,0.126314,0.127089,0.127334,0.123021,0.000000,0.126818,0.129561,0.129485,0.130019,0.127545,0.129275,0.123833,0.125304,0.128184,0.129445,0.128494,0.127450,0.130906,0.125746,0.123610,0.129665,0.125870,0.121835,0.128028,0.129998,0.127252,0.126459,0.126973,0.122939,0.013337,0.126044,0.129056,0.127573,0.130282,0.127446,0.126698,0.124951,0.126030,0.132167,0.130604,0.127355,0.127542,0.130988,0.124386,0.127365,0.128554,0.125805,0.128327,0.130008,0.126161,0.127183,0.126951,0.123051,0.012943,0.127543,0.129114,0.128334,0.130813,0.128375,0.125658,0.122616,0.125979,0.129812,0.129361,0.126761,0.126860,0.130114,0.123642,0.127803,0.128232,0.127039,0.128651,0.128753,0.125676
HAP2_chr05,0.119640,0.120582,0.114604,0.126541,0.011328,0.123198,0.122573,0.127162,0.121034,0.125318,0.119967,0.121003,0.126721,0.126621,0.123091,0.120989,0.125552,0.120161,0.116540,0.124750,0.121984,0.117669,0.128013,0.129264,0.125268,0.118567,0.120927,0.114246,0.126818,0.000000,0.124008,0.120913,0.126506,0.120961,0.127906,0.119623,0.121665,0.124510,0.124754,0.124694,0.121645,0.126092,0.119456,0.116136,0.125311,0.122210,0.116100,0.125168,0.129446,0.125039,0.117667,0.120805,0.114907,0.127381,0.011369,0.123712,0.118462,0.126386,0.121684,0.123711,0.120339,0.121482,0.126882,0.126120,0.123091,0.121635,0.127431,0.118418,0.115378,0.123664,0.122111,0.125516,0.128349,0.123729,0.118042,0.119620,0.113748,0.125001,0.011791,0.123693,0.118369,0.126790,0.122165,0.123980,0.117118,0.121437,0.124032,0.125348,0.122335,0.120705,0.124867,0.117350,0.115608,0.123470,0.122297,0.126155,0.126773,0.124231
HAP2_chr06,0.124678,0.124884,0.122649,0.128591,0.124172,0.011944,0.127943,0.126526,0.124631,0.127966,0.124222,0.124509,0.129150,0.130283,0.126419,0.124878,0.128368,0.124342,0.122606,0.127689,0.125139,0.122540,0.129908,0.130549,0.128090,0.123878,0.125829,0.123207,0.129561,0.124008,0.000000,0.126669,0.129720,0.125442,0.130383,0.123329,0.124388,0.127948,0.128582,0.127232,0.125176,0.128948,0.123907,0.122373,0.128587,0.125118,0.122379,0.127943,0.130924,0.127589,0.123670,0.125636,0.122897,0.129588,0.123632,0.011275,0.124964,0.129334,0.124915,0.126963,0.124576,0.124988,0.129672,0.129452,0.125681,0.125427,0.130373,0.122946,0.123877,0.127202,0.125411,0.128176,0.130313,0.126820,0.124090,0.124431,0.122761,0.127628,0.123791,0.010772,0.125512,0.129479,0.126330,0.126882,0.121952,0.124834,0.128424,0.129258,0.125774,0.125374,0.128970,0.122604,0.123753,0.126517,0.125899,0.128430,0.128153,0.127075
HAP2_chr07,0.121158,0.123450,0.117172,0.127784,0.121229,0.125552,0.016992,0.129647,0.123516,0.128562,0.122697,0.122673,0.128402,0.128747,0.125722,0.122988,0.128175,0.121926,0.119040,0.126483,0.123433,0.119980,0.130064,0.130567,0.127429,0.119979,0.123450,0.116596,0.129485,0.120913,0.126669,0.000000,0.129340,0.123310,0.129724,0.122583,0.123165,0.126294,0.127198,0.127538,0.123755,0.127991,0.121008,0.119236,0.127391,0.124175,0.119287,0.127760,0.131235,0.125463,0.119750,0.122875,0.116019,0.129006,0.120590,0.126763,0.014886,0.127837,0.122809,0.127486,0.122560,0.122594,0.127990,0.127960,0.126124,0.123690,0.129668,0.120416,0.119668,0.127170,0.123091,0.127496,0.130112,0.125797,0.115890,0.121829,0.116496,0.126522,0.121126,0.125584,0.014132,0.128903,0.123316,0.126394,0.118959,0.122981,0.127315,0.128124,0.124405,0.122523,0.127975,0.119119,0.119082,0.125762,0.124554,0.127667,0.128256,0.125353
HAP2_chr08,0.126568,0.127329,0.125924,0.130254,0.126904,0.128792,0.129817,0.014368,0.127523,0.129200,0.125347,0.126424,0.129473,0.130617,0.128101,0.127589,0.130220,0.126878,0.123935,0.128346,0.126523,0.124605,0.130335,0.131789,0.128168,0.125848,0.127147,0.125684,0.130019,0.126506,0.129720,0.129340,0.000000,0.128083,0.130050,0.124858,0.126513,0.129194,0.130113,0.128538,0.128469,0.130633,0.125039,0.123519,0.129101,0.126989,0.124074,0.128557,0.132224,0.127310,0.126045,0.127524,0.126505,0.130367,0.126714,0.129023,0.127755,0.012477,0.127487,0.128325,0.125457,0.127017,0.130260,0.130515,0.127302,0.128229,0.130403,0.125227,0.127450,0.128125,0.126572,0.128406,0.131696,0.127688,0.126207,0.127087,0.126885,0.128872,0.127393,0.129199,0.128590,0.012633,0.128377,0.127307,0.123909,0.126682,0.130137,0.129337,0.126466,0.126966,0.129412,0.124675,0.127190,0.127444,0.127255,0.129184,0.129906,0.127939
HAP2_chr09,0.122725,0.123035,0.119586,0.127762,0.121523,0.125349,0.124968,0.129189,0.013260,0.127125,0.122336,0.122810,0.127782,0.128152,0.125094,0.123194,0.127425,0.122729,0.118971,0.126431,0.123377,0.120168,0.129238,0.129625,0.125046,0.121486,0.124100,0.119813,0.127545,0.120961,0.125442,0.123310,0.128083,0.000000,0.128620,0.121753,0.122588,0.125426,0.126720,0.126131,0.123634,0.128228,0.121759,0.119320,0.126105,0.124158,0.119497,0.126147,0.129490,0.124326,0.122110,0.123984,0.120129,0.127564,0.121585,0.125908,0.122490,0.127720,0.011561,0.126093,0.122208,0.123336,0.127960,0.127859,0.124900,0.123483,0.128436,0.120707,0.120967,0.125185,0.123724,0.126576,0.129417,0.124641,0.122228,0.122752,0.120098,0.125701,0.121744,0.125497,0.122651,0.127963,0.010985,0.125010,0.119715,0.122570,0.126556,0.126633,0.124019,0.122689,0.127416,0.119596,0.120552,0.125219,0.124200,0.127453,0.126718,0.123464
HAP2_chr10,0.127526,0.128032,0.122360,0.128329,0.127814,0.129483,0.131000,0.131632,0.128464,0.012177,0.125445,0.127010,0.130270,0.129951,0.127937,0.128146,0.129917,0.126964,0.125225,0.128127,0.127091,0.124617,0.130182,0.131888,0.126772,0.126317,0.128127,0.122560,0.129275,0.127906,0.130383,0.129724,0.130050,0.128620,0.000000,0.125555,0.126963,0.128154,0.129615,0.128605,0.128450,0.131008,0.127227,0.124176,0.128938,0.126624,0.124407,0.129033,0.132255,0.128183,0.127351,0.128107,0.122811,0.129135,0.127382,0.130004,0.128929,0.129646,0.128731,0.012911,0.126325,0.126916,0.130758,0.129844,0.128084,0.128153,0.131658,0.126504,0.129114,0.128842,0.126861,0.128399,0.131881,0.127073,0.126893,0.126832,0.123013,0.127647,0.127279,0.129289,0.129212,0.130594,0.128996,0.012700,0.123782,0.127071,0.129947,0.129541,0.126962,0.128414,0.129917,0.124978,0.128796,0.128262,0.127453,0.129626,0.130204,0.126814
HAP2_chr11,0.120324,0.120216,0.118662,0.122885,0.119136,0.122585,0.122942,0.125525,0.121165,0.124088,0.010338,0.119577,0.125079,0.125839,0.121449,0.122194,0.124249,0.120353,0.116073,0.122922,0.120060,0.116810,0.125484,0.126485,0.122042,0.119661,0.121017,0.118226,0.123833,0.119623,0.123329,0.122583,0.124858,0.121753,0.125555,0.000000,0.119277,0.124022,0.123503,0.122407,0.121679,0.124944,0.119396,0.117016,0.123005,0.119837,0.117019,0.122987,0.126288,0.122078,0.119449,0.121055,0.117806,0.124153,0.118617,0.123104,0.120639,0.125185,0.120788,0.123009,0.011297,0.119885,0.125685,0.124501,0.120991,0.121175,0.125205,0.118614,0.119935,0.122153,0.120375,0.123184,0.126133,0.121767,0.119537,0.120268,0.118028,0.122115,0.119281,0.122997,0.119680,0.125102,0.122086,0.122603,0.034982,0.120106,0.125431,0.123120,0.120115,0.120907,0.123913,0.118678,0.119619,0.122193,0.121091,0.123707,0.123541,0.121510
HAP2_chr12,0.121521,0.121553,0.118793,0.124190,0.120755,0.123263,0.125167,0.126841,0.123003,0.125504,0.120583,0.012557,0.126480,0.126829,0.123776,0.122543,0.126214,0.121045,0.118686,0.124249,0.121624,0.119143,0.127639,0.127343,0.124380,0.120952,0.121801,0.117624,0.125304,0.121665,0.124388,0.123165,0.126513,0.122588,0.126963,0.119277,0.000000,0.125216,0.126007,0.123845,0.122778,0.126361,0.120438,0.118351,0.125252,0.121450,0.116970,0.124631,0.127910,0.122886,0.121447,0.121921,0.118630,0.123829,0.120286,0.124208,0.121738,0.125645,0.121234,0.123138,0.120378,0.012534,0.126879,0.126766,0.122811,0.121856,0.126619,0.119339,0.121564,0.124427,0.121549,0.125106,0.127595,0.121769,0.120629,0.121586,0.118459,0.123060,0.121062,0.124852,0.121895,0.125828,0.123071,0.123104,0.117565,0.012529,0.125610,0.126402,0.122949,0.121799,0.125354,0.119392,0.121173,0.123931,0.122576,0.125741,0.125299,0.124092
HAP2_chr13,0.124447,0.125167,0.113435,0.127587,0.124664,0.127348,0.127279,0.129321,0.125776,0.126321,0.123489,0.124770,0.012359,0.128235,0.125776,0.125163,0.128798,0.123688,0.122053,0.127239,0.124613,0.121253,0.130142,0.130591,0.123679,0.123673,0.125429,0.115627,0.128184,0.124510,0.127948,0.126294,0.129194,0.125426,0.128154,0.124022,0.125216,0.000000,0.128145,0.126598,0.125377,0.127561,0.123666,0.121078,0.128189,0.124211,0.120817,0.128343,0.131143,0.124611,0.122770,0.124987,0.116136,0.127473,0.124335,0.127826,0.124648,0.128918,0.125743,0.124978,0.124204,0.124907,0.014276,0.129032,0.125723,0.125471,0.129028,0.122750,0.124707,0.128293,0.124660,0.127700,0.130335,0.123639,0.123903,0.124704,0.116020,0.125452,0.124256,0.127328,0.125006,0.129262,0.126806,0.123767,0.121073,0.124702,0.013500,0.127463,0.124520,0.124667,0.127875,0.122842,0.124436,0.126486,0.124883,0.128650,0.128643,0.123493
HAP2_chr14,0.126764,0.126360,0.121695,0.128991,0.125964,0.128505,0.127167,0.130810,0.126532,0.128207,0.124005,0.126128,0.129984,0.012926,0.126138,0.125360,0.129325,0.125094,0.123469,0.128478,0.125198,0.123142,0.131166,0.130921,0.119776,0.124442,0.125724,0.122751,0.129445,0.124754,0.128582,0.127198,0.130113,0.126720,0.129615,0.123503,0.126007,0.128145,0.000000,0.127786,0.126499,0.129350,0.124207,0.123223,0.128934,0.125416,0.122567,0.129219,0.132136,0.126950,0.124085,0.125940,0.122490,0.129541,0.125736,0.129045,0.126056,0.129335,0.126980,0.126961,0.124108,0.126139,0.129533,0.013112,0.126247,0.126422,0.131540,0.123676,0.125582,0.129093,0.125733,0.129031,0.130907,0.123665,0.125974,0.125927,0.122315,0.128488,0.126073,0.129278,0.126176,0.130508,0.126989,0.127352,0.121510,0.126163,0.128960,0.013358,0.125914,0.124919,0.130219,0.123434,0.125229,0.127662,0.126329,0.128928,0.129298,0.114279
HAP2_chr15,0.124062,0.124029,0.122572,0.127055,0.124567,0.126491,0.127836,0.128525,0.125273,0.127448,0.122394,0.123979,0.128676,0.129160,0.014826,0.124857,0.128020,0.123965,0.121282,0.126430,0.124287,0.120627,0.128870,0.129327,0.125990,0.122451,0.124963,0.122765,0.128494,0.124694,0.127232,0.127538,0.128538,0.126131,0.128605,0.122407,0.123845,0.126598,0.127786,0.000000,0.124585,0.127752,0.123020,0.121300,0.126447,0.123695,0.120479,0.126626,0.130284,0.125802,0.123272,0.125115,0.122862,0.127560,0.124255,0.127141,0.125427,0.128323,0.126398,0.126162,0.122309,0.124477,0.129362,0.128386,0.013681,0.124757,0.128535,0.123399,0.125318,0.125711,0.124009,0.127148,0.128467,0.124919,0.122683,0.124283,0.123650,0.126630,0.124444,0.127595,0.126282,0.127852,0.127179,0.125414,0.120487,0.123751,0.128337,0.127606,0.013119,0.124065,0.126315,0.122855,0.124941,0.125407,0.123144,0.127547,0.127589,0.125737
HAP2_chr16,0.121003,0.122747,0.119218,0.126397,0.121855,0.124378,0.125108,0.128192,0.123445,0.128100,0.121155,0.122505,0.127366,0.128165,0.123489,0.011318,0.125165,0.121812,0.119286,0.124872,0.122034,0.118748,0.128435,0.129147,0.126537,0.120506,0.122952,0.118927,0.127450,0.121645,0.125176,0.123755,0.128469,0.123634,0.128450,0.121679,0.122778,0.125377,0.126499,0.124585,0.000000,0.126367,0.120839,0.118602,0.125483,0.122589,0.119359,0.126246,0.128998,0.124680,0.119606,0.122895,0.118584,0.126087,0.121162,0.125323,0.122290,0.126553,0.123460,0.125968,0.122087,0.122778,0.127071,0.126621,0.124120,0.010988,0.127475,0.119919,0.120248,0.125483,0.121807,0.126373,0.128670,0.125222,0.120406,0.121746,0.118939,0.125140,0.121145,0.124886,0.122355,0.128548,0.123334,0.124622,0.118663,0.122809,0.127172,0.126629,0.123126,0.010942,0.126460,0.119177,0.120510,0.125022,0.122976,0.126670,0.126649,0.125664
HAP2_chr17,0.126043,0.126587,0.125480,0.129934,0.126468,0.128374,0.129045,0.130692,0.128078,0.130475,0.125879,0.126138,0.130214,0.129708,0.127195,0.125509,0.010461,0.125523,0.123069,0.127362,0.126369,0.125202,0.130691,0.131456,0.128146,0.125885,0.127469,0.125206,0.130906,0.126092,0.128948,0.127991,0.130633,0.128228,0.131008,0.124944,0.126361,0.127561,0.129350,0.127752,0.126367,0.000000,0.125517,0.123200,0.128234,0.126194,0.123941,0.129321,0.131969,0.127344,0.126166,0.126363,0.124724,0.130197,0.126069,0.129479,0.126913,0.129863,0.127975,0.127946,0.125265,0.126206,0.130397,0.130197,0.127373,0.125356,0.012551,0.124846,0.127400,0.128145,0.126321,0.128397,0.131233,0.127997,0.126286,0.126949,0.125891,0.129186,0.126074,0.129202,0.127840,0.130789,0.128490,0.128360,0.123696,0.126771,0.129357,0.130254,0.126111,0.124804,0.012711,0.124387,0.127152,0.128231,0.127216,0.129465,0.129186,0.128170
HAP2_chr18,0.119506,0.120120,0.115354,0.124233,0.118873,0.122568,0.123266,0.126073,0.121213,0.124945,0.120032,0.120188,0.125541,0.124847,0.122880,0.120742,0.124325,0.013071,0.117007,0.123297,0.120020,0.117100,0.125564,0.126707,0.124056,0.117830,0.121230,0.115609,0.125746,0.119456,0.123907,0.121008,0.125039,0.121759,0.127227,0.119396,0.120438,0.123666,0.124207,0.123020,0.120839,0.125517,0.000000,0.116662,0.124575,0.120384,0.116084,0.123961,0.127440,0.123370,0.118264,0.120516,0.115551,0.125272,0.118962,0.124404,0.118970,0.125363,0.121269,0.123398,0.119962,0.120448,0.125935,0.125574,0.122446,0.120053,0.125410,0.012150,0.117919,0.123619,0.120309,0.124481,0.127184,0.122590,0.117894,0.119280,0.115764,0.122996,0.118712,0.122795,0.119617,0.126474,0.122195,0.122530,0.117262,0.119782,0.125165,0.125088,0.120996,0.119401,0.122989,0.012255,0.117920,0.123039,0.120785,0.124539,0.124692,0.123054
HAP2_chr19,0.116990,0.118000,0.112876,0.122931,0.116185,0.121370,0.120489,0.123945,0.119629,0.122333,0.117603,0.117920,0.122982,0.123231,0.120191,0.118368,0.122541,0.118064,0.007238,0.120774,0.118444,0.114386,0.124893,0.125517,0.121805,0.116138,0.118846,0.113769,0.123610,0.116136,0.122373,0.119236,0.123519,0.119320,0.124176,0.117016,0.118351,0.121078,0.123223,0.121300,0.118602,0.123200,0.116662,0.000000,0.122433,0.118377,0.114011,0.121939,0.126128,0.121091,0.115332,0.118770,0.113462,0.123553,0.115702,0.121557,0.116454,0.123052,0.119474,0.122053,0.117822,0.118173,0.123600,0.123059,0.120325,0.117599,0.123638,0.115713,0.053366,0.120508,0.118745,0.121463,0.125844,0.120467,0.116332,0.117324,0.113984,0.121386,0.116196,0.121039,0.117259,0.123616,0.119524,0.120635,0.114070,0.118380,0.122947,0.122542,0.118486,0.117918,0.122344,0.115102,0.053098,0.120118,0.119475,0.122569,0.122607,0.120994
HAP2_chr20,0.124617,0.125449,0.124366,0.129472,0.125359,0.127992,0.127990,0.129044,0.126247,0.129188,0.123895,0.124642,0.129127,0.129665,0.126447,0.124786,0.127337,0.124712,0.122468,0.011846,0.124626,0.123188,0.129141,0.131280,0.127030,0.124544,0.126334,0.123629,0.129665,0.125311,0.128587,0.127391,0.129101,0.126105,0.128938,0.123005,0.125252,0.128189,0.128934,0.126447,0.125483,0.128234,0.124575,0.122433,0.000000,0.125832,0.122859,0.127692,0.130759,0.126834,0.124409,0.126489,0.124537,0.129334,0.124916,0.128407,0.126346,0.127938,0.126441,0.127067,0.124141,0.125207,0.128969,0.129943,0.126719,0.124783,0.128231,0.124198,0.125712,0.011822,0.124946,0.128036,0.130907,0.126166,0.124438,0.125576,0.124415,0.128012,0.124745,0.128111,0.125826,0.128955,0.126247,0.127473,0.121933,0.125145,0.128211,0.128251,0.125750,0.124770,0.127754,0.123866,0.125794,0.011714,0.125479,0.128306,0.129058,0.126682
HAP2_chr21,0.121056,0.121167,0.119083,0.123785,0.121970,0.124931,0.124747,0.113833,0.123325,0.126007,0.119731,0.121081,0.126461,0.125855,0.123564,0.122282,0.125799,0.120745,0.119705,0.124747,0.014302,0.118056,0.126500,0.127337,0.122674,0.120251,0.122695,0.119475,0.125870,0.122210,0.125118,0.124175,0.126989,0.124158,0.126624,0.119837,0.121450,0.124211,0.125416,0.123695,0.122589,0.126194,0.120384,0.118377,0.125832,0.000000,0.117814,0.124926,0.127090,0.122303,0.120310,0.121881,0.119301,0.125420,0.121669,0.124587,0.121859,0.126545,0.123726,0.122730,0.121114,0.121679,0.126396,0.125779,0.123561,0.122483,0.125954,0.119467,0.122311,0.125986,0.014148,0.124144,0.126439,0.121430,0.121015,0.121566,0.119523,0.124037,0.120598,0.124944,0.121781,0.126431,0.123868,0.123410,0.118627,0.121453,0.126251,0.124647,0.121553,0.121385,0.124606,0.118983,0.121751,0.124470,0.014657,0.125665,0.124703,0.122633
HAP2_chr22,0.117253,0.117999,0.111706,0.121047,0.116647,0.120816,0.121013,0.125247,0.120134,0.121954,0.117645,0.118036,0.123129,0.123953,0.120100,0.118449,0.123934,0.117664,0.115009,0.121689,0.117619,0.012806,0.124025,0.125707,0.119493,0.116026,0.118134,0.110610,0.121835,0.116100,0.122379,0.119287,0.124074,0.119497,0.124407,0.117019,0.116970,0.120817,0.122567,0.120479,0.119359,0.123941,0.116084,0.114011,0.122859,0.117814,0.000000,0.121679,0.125289,0.118089,0.116198,0.118586,0.110112,0.120816,0.115830,0.121341,0.117848,0.123552,0.118545,0.119827,0.117634,0.119011,0.124336,0.123834,0.119461,0.118470,0.124847,0.114925,0.051065,0.121938,0.118246,0.121732,0.125165,0.117518,0.115724,0.117089,0.110913,0.119274,0.116470,0.121417,0.117852,0.123716,0.119356,0.119333,0.115195,0.118692,0.122691,0.121860,0.117303,0.118314,0.122562,0.114368,0.052291,0.120767,0.118837,0.122106,0.122674,0.116731
HAP2_chr23,0.124507,0.125443,0.123567,0.127943,0.125201,0.127133,0.127755,0.129461,0.125725,0.128283,0.123624,0.125028,0.128872,0.129376,0.126107,0.126194,0.128295,0.124543,0.122648,0.126678,0.124827,0.121254,0.012767,0.130276,0.126825,0.124279,0.126559,0.124174,0.128028,0.125168,0.127943,0.127760,0.128557,0.126147,0.129033,0.122987,0.124631,0.128343,0.129219,0.126626,0.126246,0.129321,0.123961,0.121939,0.127692,0.124926,0.121679,0.000000,0.130646,0.125978,0.125090,0.125268,0.123823,0.128991,0.125833,0.128421,0.126491,0.128380,0.126117,0.126830,0.124064,0.125250,0.129395,0.128477,0.126081,0.125770,0.129542,0.123911,0.125716,0.126073,0.124793,0.012030,0.130020,0.126463,0.124204,0.125730,0.124124,0.127121,0.125215,0.127918,0.126637,0.129629,0.126399,0.126575,0.121364,0.125523,0.128641,0.128591,0.124567,0.125428,0.127952,0.122623,0.125458,0.126491,0.125103,0.012255,0.127772,0.126031
HAP2_chr24,0.128708,0.128404,0.129274,0.129560,0.129034,0.130076,0.131318,0.132384,0.129587,0.131217,0.127517,0.127517,0.131590,0.131724,0.129580,0.129809,0.131603,0.127307,0.126139,0.131159,0.127473,0.125375,0.131441,0.013728,0.129471,0.128693,0.129166,0.129420,0.129998,0.129446,0.130924,0.131235,0.132224,0.129490,0.132255,0.126288,0.127910,0.131143,0.132136,0.130284,0.128998,0.131969,0.127440,0.126128,0.130759,0.127090,0.125289,0.130646,0.000000,0.128970,0.128956,0.129050,0.129766,0.131069,0.129274,0.130883,0.129827,0.131568,0.129130,0.130248,0.127453,0.128259,0.132441,0.132286,0.130237,0.129202,0.131592,0.127283,0.130882,0.130321,0.127594,0.129982,0.013073,0.128941,0.128889,0.128109,0.129128,0.129723,0.129747,0.130424,0.130647,0.132396,0.129553,0.130051,0.125485,0.128037,0.132345,0.131930,0.128982,0.128581,0.130782,0.126338,0.130608,0.129727,0.128746,0.131233,0.014420,0.128547
HAP2_chr25,0.123172,0.123752,0.119975,0.126275,0.123818,0.125663,0.126633,0.127530,0.124520,0.126619,0.122229,0.123222,0.127493,0.126894,0.124313,0.124736,0.127244,0.122587,0.121202,0.125779,0.123201,0.119353,0.128157,0.128776,0.014426,0.122208,0.124215,0.121396,0.127252,0.125039,0.127589,0.125463,0.127310,0.124326,0.128183,0.122078,0.122886,0.124611,0.126950,0.125802,0.124680,0.127344,0.123370,0.121091,0.126834,0.122303,0.118089,0.125978,0.128970,0.000000,0.122886,0.123747,0.121971,0.126785,0.124364,0.127112,0.125007,0.125393,0.125101,0.124880,0.123335,0.124128,0.128018,0.127531,0.124341,0.124717,0.129026,0.122264,0.125226,0.126118,0.123794,0.126281,0.129018,0.014095,0.123676,0.123689,0.121685,0.126017,0.124152,0.127507,0.125452,0.126657,0.124611,0.124768,0.120562,0.123256,0.125723,0.126757,0.122609,0.123325,0.127052,0.121826,0.124214,0.124934,0.124091,0.126842,0.126870,0.015094
HAP3_chr01,0.014489,0.120188,0.113765,0.125790,0.117927,0.123047,0.122125,0.126758,0.120629,0.126281,0.119012,0.121131,0.125456,0.126110,0.122079,0.120176,0.125597,0.118742,0.116098,0.122959,0.119814,0.116733,0.127509,0.128138,0.124031,0.013311,0.120351,0.113668,0.126459,0.117667,0.123670,0.119750,0.126045,0.122110,0.127351,0.119449,0.121447,0.122770,0.124085,0.123272,0.119606,0.126166,0.118264,0.115332,0.124409,0.120310,0.116198,0.125090,0.128956,0.122886,0.000000,0.120212,0.112789,0.126217,0.115857,0.123047,0.117670,0.126248,0.121213,0.124882,0.119899,0.121347,0.126560,0.125754,0.121850,0.120129,0.126219,0.117375,0.115401,0.123359,0.120468,0.124654,0.128421,0.122231,0.014489,0.119407,0.113012,0.123999,0.117450,0.122473,0.117652,0.126436,0.121396,0.123133,0.116852,0.120671,0.124656,0.124776,0.120472,0.119400,0.124738,0.116446,0.115035,0.122446,0.120483,0.125341,0.125585,0.123722
HAP3_chr02,0.121902,0.012783,0.117999,0.125753,0.120239,0.124748,0.124204,0.127943,0.123612,0.125963,0.122328,0.121978,0.126806,0.126807,0.124148,0.122412,0.126422,0.121330,0.118859,0.125521,0.122085,0.119160,0.128270,0.128590,0.125122,0.120386,0.012009,0.117221,0.126973,0.120805,0.125636,0.122875,0.127524,0.123984,0.128107,0.121055,0.121921,0.124987,0.125940,0.125115,0.122895,0.126363,0.120516,0.118770,0.126489,0.121881,0.118586,0.125268,0.129050,0.123747,0.120212,0.000000,0.116959,0.127062,0.120794,0.124505,0.121000,0.126844,0.124263,0.124774,0.121155,0.122322,0.127178,0.126329,0.123182,0.122002,0.127783,0.119817,0.118950,0.125528,0.122514,0.125815,0.128994,0.122960,0.120242,0.012586,0.117435,0.124656,0.120795,0.124440,0.121615,0.126785,0.124313,0.124023,0.118559,0.122565,0.125809,0.125828,0.121986,0.121089,0.126280,0.118987,0.119171,0.124478,0.122954,0.126557,0.126897,0.124161
HAP3_chr03,0.115390,0.117527,0.018604,0.121857,0.114611,0.121316,0.118484,0.127204,0.119548,0.114983,0.117767,0.120585,0.121309,0.125376,0.122862,0.118940,0.124874,0.117758,0.114367,0.123753,0.119685,0.110925,0.127297,0.129833,0.121134,0.113131,0.117786,0.018822,0.122939,0.114907,0.122897,0.116019,0.126505,0.120129,0.122811,0.117806,0.118630,0.116136,0.122490,0.122862,0.118584,0.124724,0.115551,0.113462,0.124537,0.119301,0.110112,0.123823,0.129766,0.121971,0.112789,0.116959,0.000000,0.116437,0.113066,0.122622,0.113726,0.125177,0.119846,0.114263,0.118626,0.119561,0.123162,0.124927,0.121305,0.118453,0.125829,0.114359,0.109937,0.123440,0.119782,0.124308,0.128800,0.116331,0.112656,0.116335,0.018973,0.118635,0.109240,0.121608,0.112174,0.126484,0.119114,0.108893,0.114660,0.119590,0.122075,0.124386,0.119877,0.117709,0.122953,0.113303,0.109218,0.122024,0.119928,0.124647,0.127118,0.116627
HAP3_chr04,0.126012,0.126025,0.121001,0.015023,0.126312,0.128120,0.129916,0.130572,0.128201,0.127982,0.124833,0.124476,0.129297,0.130320,0.126382,0.126549,0.130188,0.125706,0.124051,0.129318,0.125476,0.121661,0.130240,0.131110,0.127313,0.126202,0.127089,0.120617,0.013337,0.127381,0.129588,0.129006,0.130367,0.127564,0.129135,0.124153,0.123829,0.127473,0.129541,0.127560,0.126087,0.130197,0.125272,0.123553,0.129334,0.125420,0.120816,0.128991,0.131069,0.126785,0.126217,0.127062,0.116437,0.000000,0.125105,0.128890,0.128430,0.128805,0.127603,0.126197,0.125170,0.125941,0.128336,0.130160,0.127603,0.127349,0.126969,0.124559,0.128342,0.128455,0.124532,0.129045,0.131208,0.126587,0.125920,0.126677,0.122475,0.013651,0.126461,0.129173,0.128014,0.130061,0.128477,0.125510,0.122209,0.125495,0.127414,0.128969,0.126235,0.127176,0.126709,0.124616,0.127919,0.128126,0.126438,0.129196,0.129392,0.126158
HAP3_chr05,0.118677,0.120222,0.112797,0.124356,0.011247,0.123244,0.122440,0.126977,0.121329,0.125295,0.119534,0.120911,0.126508,0.125654,0.123964,0.121469,0.126081,0.119580,0.116207,0.123775,0.121866,0.117638,0.127732,0.129223,0.125122,0.116192,0.120548,0.112597,0.126044,0.011369,0.123632,0.120590,0.126714,0.121585,0.127382,0.118617,0.120286,0.124335,0.125736,0.124255,0.121162,0.126069,0.118962,0.115702,0.124916,0.121669,0.115830,0.125833,0.129274,0.124364,0.115857,0.120794,0.113066,0.125105,0.000000,0.123632,0.117773,0.126556,0.120829,0.123516,0.120075,0.121313,0.126197,0.125742,0.123294,0.120860,0.126303,0.117753,0.115599,0.123652,0.120852,0.125378,0.128538,0.123173,0.114947,0.119171,0.112619,0.122841,0.011345,0.123176,0.117629,0.126350,0.122262,0.122486,0.116109,0.120838,0.124924,0.125192,0.121984,0.120316,0.124973,0.117116,0.115680,0.123147,0.121694,0.125866,0.126189,0.123722
HAP3_chr06,0.124323,0.124759,0.122961,0.128988,0.123689,0.012659,0.127403,0.126514,0.125560,0.128594,0.123785,0.124387,0.129212,0.130221,0.126719,0.125689,0.129445,0.124892,0.121953,0.127628,0.124433,0.121848,0.130195,0.131334,0.127859,0.123777,0.125082,0.122584,0.129056,0.123712,0.011275,0.126763,0.129023,0.125908,0.130004,0.123104,0.124208,0.127826,0.129045,0.127141,0.125323,0.129479,0.124404,0.121557,0.128407,0.124587,0.121341,0.128421,0.130883,0.127112,0.123047,0.124505,0.122622,0.128890,0.123632,0.000000,0.125412,0.128894,0.125741,0.127667,0.123815,0.124633,0.129306,0.129073,0.126610,0.125632,0.129891,0.123215,0.123915,0.127599,0.125146,0.127908,0.130297,0.126624,0.124046,0.124736,0.123009,0.127082,0.123903,0.010712,0.125400,0.129423,0.125794,0.126673,0.121686,0.124548,0.128168,0.127942,0.125009,0.124726,0.128761,0.122539,0.123948,0.126957,0.125624,0.128588,0.128994,0.127615
HAP3_chr07,0.119642,0.121124,0.114203,0.126577,0.118768,0.124070,0.016334,0.128478,0.122004,0.126890,0.121584,0.122037,0.126492,0.127035,0.125467,0.122376,0.126934,0.120484,0.117519,0.125365,0.122457,0.118214,0.128733,0.129119,0.126476,0.117910,0.121824,0.113802,0.127573,0.118462,0.124964,0.014886,0.127755,0.122490,0.128929,0.120639,0.121738,0.124648,0.126056,0.125427,0.122290,0.126913,0.118970,0.116454,0.126346,0.121859,0.117848,0.126491,0.129827,0.125007,0.117670,0.121000,0.113726,0.128430,0.117773,0.125412,0.000000,0.127459,0.121719,0.126233,0.121459,0.121789,0.127295,0.126366,0.123756,0.121830,0.128704,0.118347,0.117187,0.125158,0.122070,0.125418,0.129389,0.124339,0.117681,0.119769,0.113307,0.125172,0.118159,0.124471,0.011678,0.127449,0.123137,0.124211,0.117517,0.121660,0.125688,0.126409,0.122853,0.121470,0.126841,0.117132,0.116950,0.123860,0.122715,0.126695,0.126735,0.124214
HAP3_chr08,0.126461,0.126193,0.125127,0.129177,0.126304,0.128690,0.129629,0.014784,0.127855,0.129209,0.125619,0.125188,0.129247,0.129822,0.127372,0.126558,0.129484,0.125768,0.123289,0.128122,0.126064,0.124212,0.130375,0.130899,0.127751,0.126279,0.126875,0.125110,0.130282,0.126386,0.129334,0.127837,0.012477,0.127720,0.129646,0.125185,0.125645,0.128918,0.129335,0.128323,0.126553,0.129863,0.125363,0.123052,0.127938,0.126545,0.123552,0.128380,0.131568,0.125393,0.126248,0.126844,0.125177,0.128805,0.126556,0.128894,0.127459,0.000000,0.127684,0.128161,0.124960,0.126167,0.129881,0.129956,0.127255,0.126561,0.130966,0.124999,0.127106,0.128842,0.126416,0.128632,0.130905,0.126222,0.125823,0.125881,0.126094,0.128483,0.126551,0.128313,0.127814,0.013194,0.128246,0.127367,0.122701,0.126310,0.129629,0.128648,0.126525,0.126746,0.128973,0.124132,0.126847,0.127674,0.126986,0.129031,0.129590,0.128340
HAP3_chr09,0.121696,0.123441,0.119888,0.126860,0.121749,0.125059,0.124873,0.128282,0.012298,0.126881,0.122675,0.122505,0.126911,0.127320,0.125362,0.123049,0.127452,0.122014,0.119403,0.125755,0.123691,0.120134,0.128865,0.129252,0.126192,0.120993,0.123312,0.119725,0.127446,0.121684,0.124915,0.122809,0.127487,0.011561,0.128731,0.120788,0.121234,0.125743,0.126980,0.126398,0.123460,0.127975,0.121269,0.119474,0.126441,0.123726,0.118545,0.126117,0.129130,0.125101,0.121213,0.124263,0.119846,0.127603,0.120829,0.125741,0.121719,0.127684,0.000000,0.126296,0.122195,0.123199,0.128163,0.127375,0.124602,0.123095,0.128420,0.120893,0.120803,0.125724,0.123485,0.126641,0.129268,0.124376,0.121896,0.122119,0.120170,0.125721,0.121761,0.125145,0.121829,0.127797,0.010407,0.124591,0.118963,0.122289,0.127267,0.127351,0.124089,0.122829,0.127286,0.119946,0.120410,0.125062,0.123786,0.127009,0.126956,0.124767
HAP3_chr10,0.124542,0.124672,0.112424,0.126439,0.123706,0.125377,0.128309,0.129276,0.125230,0.012933,0.123333,0.124621,0.128036,0.128712,0.125241,0.125459,0.128054,0.123652,0.122507,0.126217,0.121873,0.120275,0.128199,0.129989,0.124273,0.124007,0.124862,0.110094,0.126698,0.123711,0.126963,0.127486,0.128325,0.126093,0.012911,0.123009,0.123138,0.124978,0.126961,0.126162,0.125968,0.127946,0.123398,0.122053,0.127067,0.122730,0.119827,0.126830,0.130248,0.124880,0.124882,0.124774,0.114263,0.126197,0.123516,0.127667,0.126233,0.128161,0.126296,0.000000,0.122859,0.123930,0.128682,0.127789,0.125328,0.125702,0.129167,0.122758,0.125498,0.126279,0.121328,0.126981,0.129866,0.122223,0.123114,0.124034,0.112476,0.125005,0.123199,0.127051,0.126631,0.129145,0.127044,0.014147,0.121368,0.124944,0.127287,0.128156,0.124934,0.125839,0.127418,0.121643,0.124471,0.125652,0.124322,0.128190,0.128091,0.123803
HAP3_chr11,0.121136,0.121135,0.118833,0.123964,0.120313,0.123884,0.124003,0.125887,0.121923,0.124136,0.008865,0.120567,0.125998,0.125686,0.121792,0.121867,0.124916,0.120956,0.117795,0.123282,0.121541,0.118287,0.125901,0.125583,0.122878,0.120566,0.121466,0.119218,0.124951,0.120339,0.124576,0.122560,0.125457,0.122208,0.126325,0.011297,0.120378,0.124204,0.124108,0.122309,0.122087,0.125265,0.119962,0.117822,0.124141,0.121114,0.117634,0.124064,0.127453,0.123335,0.119899,0.121155,0.118626,0.125170,0.120075,0.123815,0.121459,0.124960,0.122195,0.122859,0.000000,0.120661,0.126087,0.125153,0.119895,0.121841,0.126219,0.119709,0.121082,0.122341,0.120853,0.123933,0.125410,0.121977,0.119652,0.120991,0.119695,0.122344,0.120475,0.124390,0.121924,0.125549,0.122777,0.123258,0.035378,0.121392,0.125577,0.124075,0.118972,0.121062,0.124710,0.118732,0.120183,0.122802,0.121598,0.124573,0.124165,0.122055
HAP3_chr12,0.121446,0.122350,0.119556,0.125176,0.121510,0.124496,0.125694,0.127260,0.123570,0.126114,0.120798,0.012294,0.127212,0.126929,0.123645,0.122807,0.126951,0.121515,0.118830,0.123971,0.121571,0.119757,0.127970,0.128146,0.124685,0.121377,0.123191,0.118664,0.126030,0.121482,0.124988,0.122594,0.127017,0.123336,0.126916,0.119885,0.012534,0.124907,0.126139,0.124477,0.122778,0.126206,0.120448,0.118173,0.125207,0.121679,0.119011,0.125250,0.128259,0.124128,0.121347,0.122322,0.119561,0.125941,0.121313,0.124633,0.121789,0.126167,0.123199,0.123930,0.120661,0.000000,0.127127,0.126756,0.123844,0.122754,0.126714,0.120155,0.122060,0.124988,0.121379,0.125849,0.128069,0.123315,0.120518,0.121951,0.119861,0.124240,0.121583,0.125306,0.122123,0.127131,0.123864,0.123628,0.117882,0.011416,0.126464,0.126869,0.122606,0.121913,0.125552,0.119524,0.122097,0.124305,0.121979,0.126246,0.126110,0.124125
HAP3_chr13,0.126023,0.127686,0.123579,0.129940,0.127095,0.129190,0.129669,0.131165,0.128371,0.129435,0.124956,0.126902,0.013752,0.130170,0.127961,0.126283,0.129692,0.125477,0.124121,0.128294,0.126106,0.124194,0.130741,0.131729,0.128603,0.126020,0.127725,0.123256,0.132167,0.126882,0.129672,0.127990,0.130260,0.127960,0.130758,0.125685,0.126879,0.014276,0.129533,0.129362,0.127071,0.130397,0.125935,0.123600,0.128969,0.126396,0.124336,0.129395,0.132441,0.128018,0.126560,0.127178,0.123162,0.128336,0.126197,0.129306,0.127295,0.129881,0.128163,0.128682,0.126087,0.127127,0.000000,0.129942,0.128656,0.126757,0.127963,0.125323,0.126963,0.129170,0.125507,0.128751,0.131944,0.127868,0.125859,0.127119,0.124021,0.129233,0.125695,0.129472,0.127646,0.130503,0.127658,0.127427,0.123219,0.126577,0.010614,0.127630,0.127290,0.126948,0.126719,0.125037,0.126210,0.128345,0.127189,0.130183,0.130248,0.128009
HAP3_chr14,0.125916,0.126675,0.124307,0.129701,0.126251,0.128533,0.129260,0.130704,0.128022,0.129684,0.124949,0.126766,0.130461,0.012660,0.127317,0.126580,0.130350,0.126095,0.123992,0.128536,0.125954,0.124038,0.130923,0.131072,0.127930,0.125107,0.125673,0.124231,0.130604,0.126120,0.129452,0.127960,0.130515,0.127859,0.129844,0.124501,0.126766,0.129032,0.013112,0.128386,0.126621,0.130197,0.125574,0.123059,0.129943,0.125779,0.123834,0.128477,0.132286,0.127531,0.125754,0.126329,0.124927,0.130160,0.125742,0.129073,0.126366,0.129956,0.127375,0.127789,0.125153,0.126756,0.129942,0.000000,0.127914,0.127576,0.131223,0.124941,0.126860,0.129171,0.125870,0.129471,0.132180,0.126964,0.125054,0.125652,0.125222,0.128765,0.126350,0.128551,0.128025,0.129878,0.127852,0.127708,0.121758,0.126477,0.128765,0.012633,0.126555,0.126902,0.129626,0.123554,0.126398,0.128273,0.126375,0.129490,0.129022,0.127289
HAP3_chr15,0.123274,0.123443,0.120899,0.125771,0.123566,0.125250,0.121530,0.128056,0.123803,0.125637,0.121348,0.123268,0.127078,0.128263,0.015529,0.123763,0.126131,0.122622,0.119867,0.125542,0.123592,0.119903,0.127476,0.129250,0.125183,0.122503,0.123743,0.122363,0.127355,0.123091,0.125681,0.126124,0.127302,0.124900,0.128084,0.120991,0.122811,0.125723,0.126247,0.013681,0.124120,0.127373,0.122446,0.120325,0.126719,0.123561,0.119461,0.126081,0.130237,0.124341,0.121850,0.123182,0.121305,0.127603,0.123294,0.126610,0.123756,0.127255,0.124602,0.125328,0.119895,0.123844,0.128656,0.127914,0.000000,0.123528,0.128435,0.121606,0.123987,0.125647,0.122875,0.125300,0.128664,0.123819,0.122129,0.122734,0.122423,0.125072,0.123920,0.126241,0.124639,0.127035,0.125131,0.125015,0.119186,0.123615,0.128138,0.127269,0.013108,0.123429,0.127064,0.121327,0.123265,0.125098,0.121929,0.126442,0.126679,0.124670
HAP3_chr16,0.120761,0.121891,0.119186,0.126579,0.121047,0.124537,0.125084,0.128265,0.123141,0.127317,0.121239,0.121922,0.126952,0.127590,0.124630,0.011742,0.125063,0.120987,0.118524,0.123776,0.121940,0.119142,0.127830,0.128923,0.125997,0.120108,0.122688,0.118798,0.127542,0.121635,0.125427,0.123690,0.128229,0.123483,0.128153,0.121175,0.121856,0.125471,0.126422,0.124757,0.010988,0.125356,0.120053,0.117599,0.124783,0.122483,0.118470,0.125770,0.129202,0.124717,0.120129,0.122002,0.118453,0.127349,0.120860,0.125632,0.121830,0.126561,0.123095,0.125702,0.121841,0.122754,0.126757,0.127576,0.123528,0.000000,0.126572,0.119189,0.119761,0.125851,0.122039,0.126144,0.129198,0.124877,0.119684,0.119987,0.118890,0.125258,0.120454,0.124805,0.122584,0.127460,0.124153,0.124857,0.118247,0.122131,0.126861,0.126878,0.123087,0.011485,0.125673,0.118017,0.120068,0.124877,0.123073,0.126791,0.126179,0.125226
HAP3_chr17,0.126224,0.127682,0.125497,0.130227,0.126957,0.129466,0.130574,0.131422,0.128589,0.130257,0.125005,0.126776,0.130823,0.131641,0.128430,0.126004,0.013267,0.126513,0.124312,0.128055,0.126522,0.125100,0.130084,0.132621,0.128776,0.126219,0.127681,0.125257,0.130988,0.127431,0.130373,0.129668,0.130403,0.128436,0.131658,0.125205,0.126619,0.129028,0.131540,0.128535,0.127475,0.012551,0.125410,0.123638,0.128231,0.125954,0.124847,0.129542,0.131592,0.129026,0.126219,0.127783,0.125829,0.126969,0.126303,0.129891,0.128704,0.130966,0.128420,0.129167,0.126219,0.126714,0.127963,0.131223,0.128435,0.126572,0.000000,0.125420,0.127036,0.129488,0.125623,0.129168,0.131825,0.127935,0.126217,0.126936,0.126073,0.128867,0.126533,0.129367,0.128871,0.130839,0.128827,0.128411,0.123957,0.125777,0.127605,0.130534,0.127851,0.125371,0.010762,0.125111,0.126967,0.128324,0.126931,0.129599,0.130095,0.128049
HAP3_chr18,0.118789,0.119524,0.114043,0.123579,0.118262,0.122221,0.122173,0.125452,0.120878,0.124083,0.119607,0.119308,0.125162,0.125047,0.122342,0.120006,0.124533,0.012950,0.117064,0.123283,0.119929,0.116225,0.125949,0.127617,0.123506,0.117772,0.120393,0.114255,0.124386,0.118418,0.122946,0.120416,0.125227,0.120707,0.126504,0.118614,0.119339,0.122750,0.123676,0.123399,0.119919,0.124846,0.012150,0.115713,0.124198,0.119467,0.114925,0.123911,0.127283,0.122264,0.117375,0.119817,0.114359,0.124559,0.117753,0.123215,0.118347,0.124999,0.120893,0.122758,0.119709,0.120155,0.125323,0.124941,0.121606,0.119189,0.125420,0.000000,0.116598,0.123159,0.119791,0.123060,0.127245,0.121435,0.116797,0.118302,0.114339,0.122655,0.117851,0.121774,0.118264,0.125817,0.120666,0.121440,0.116566,0.119500,0.124356,0.124639,0.120631,0.119010,0.124202,0.012395,0.116942,0.122073,0.120476,0.124182,0.124886,0.122932
HAP3_chr19,0.117396,0.119115,0.110761,0.127651,0.116075,0.123551,0.122150,0.128027,0.121193,0.126951,0.119977,0.121625,0.126436,0.127854,0.124509,0.120542,0.126263,0.119962,0.055245,0.125181,0.122938,0.052524,0.129373,0.130337,0.126500,0.115834,0.119320,0.110057,0.127365,0.115378,0.123877,0.119668,0.127450,0.120967,0.129114,0.119935,0.121564,0.124707,0.125582,0.125318,0.120248,0.127400,0.117919,0.053366,0.125712,0.122311,0.051065,0.125716,0.130882,0.125226,0.115401,0.118950,0.109937,0.128342,0.115599,0.123915,0.117187,0.127106,0.120803,0.125498,0.121082,0.122060,0.126963,0.126860,0.123987,0.119761,0.127036,0.116598,0.000000,0.123845,0.122424,0.125937,0.130219,0.124394,0.115998,0.119103,0.109580,0.124631,0.115931,0.122732,0.116116,0.127717,0.120849,0.123402,0.116253,0.120883,0.125765,0.126374,0.122103,0.119576,0.125465,0.116031,0.006061,0.123588,0.122446,0.126821,0.127696,0.124889
HAP3_chr20,0.124513,0.124930,0.122863,0.128826,0.123797,0.126486,0.127392,0.129349,0.124713,0.128528,0.122551,0.124430,0.128644,0.129345,0.125386,0.125693,0.128509,0.124638,0.120663,0.012180,0.124836,0.122215,0.127769,0.129906,0.127194,0.123352,0.125838,0.122905,0.128554,0.123664,0.127202,0.127170,0.128125,0.125185,0.128842,0.122153,0.124427,0.128293,0.129093,0.125711,0.125483,0.128145,0.123619,0.120508,0.011822,0.125986,0.121938,0.126073,0.130321,0.126118,0.123359,0.125528,0.123440,0.128455,0.123652,0.127599,0.125158,0.128842,0.125724,0.126279,0.122341,0.124988,0.129170,0.129171,0.125647,0.125851,0.129488,0.123159,0.123845,0.000000,0.124930,0.125619,0.130266,0.125755,0.123846,0.125626,0.123515,0.127289,0.124079,0.127637,0.125578,0.128699,0.125499,0.126848,0.120395,0.124425,0.128083,0.128919,0.124292,0.124947,0.127681,0.122830,0.122270,0.011581,0.125642,0.126163,0.127818,0.126281
HAP3_chr21,0.120158,0.121917,0.119120,0.124724,0.122433,0.123943,0.125686,0.113487,0.123441,0.126067,0.119689,0.121078,0.126744,0.126760,0.123477,0.121449,0.125591,0.120169,0.119133,0.123164,0.014132,0.118606,0.126589,0.126954,0.123528,0.119677,0.122072,0.119493,0.125805,0.122111,0.125411,0.123091,0.126572,0.123724,0.126861,0.120375,0.121549,0.124660,0.125733,0.124009,0.121807,0.126321,0.120309,0.118745,0.124946,0.014148,0.118246,0.124793,0.127594,0.123794,0.120468,0.122514,0.119782,0.124532,0.120852,0.125146,0.122070,0.126416,0.123485,0.121328,0.120853,0.121379,0.125507,0.125870,0.122875,0.122039,0.125623,0.119791,0.122424,0.124930,0.000000,0.124595,0.126636,0.122707,0.119897,0.121179,0.119320,0.123660,0.120147,0.124964,0.122828,0.126777,0.124790,0.123779,0.117737,0.121502,0.125715,0.126131,0.121989,0.121480,0.124261,0.119060,0.122175,0.123788,0.013340,0.124908,0.124417,0.123820
HAP3_chr23,0.124690,0.125681,0.123445,0.128010,0.125194,0.126584,0.127682,0.128749,0.125515,0.127980,0.123872,0.124943,0.128340,0.127808,0.126425,0.125949,0.128106,0.124228,0.121896,0.126667,0.124733,0.121672,0.012870,0.129233,0.126537,0.124091,0.126077,0.124306,0.128327,0.125516,0.128176,0.127496,0.128406,0.126576,0.128399,0.123184,0.125106,0.127700,0.129031,0.127148,0.126373,0.128397,0.124481,0.121463,0.128036,0.124144,0.121732,0.012030,0.129982,0.126281,0.124654,0.125815,0.124308,0.129045,0.125378,0.127908,0.125418,0.128632,0.126641,0.126981,0.123933,0.125849,0.128751,0.129471,0.125300,0.126144,0.129168,0.123060,0.125937,0.125619,0.124595,0.000000,0.129636,0.126149,0.124174,0.125077,0.123805,0.127002,0.125784,0.127375,0.126424,0.128785,0.126748,0.126170,0.121932,0.124856,0.128818,0.128730,0.124963,0.126092,0.127945,0.123067,0.125934,0.126019,0.125227,0.011963,0.127245,0.125925
HAP3_chr24,0.128273,0.127914,0.128498,0.129737,0.128674,0.129983,0.130776,0.131290,0.128227,0.129973,0.125739,0.127487,0.131746,0.131440,0.127839,0.128914,0.131161,0.127124,0.125581,0.129918,0.126795,0.125777,0.130969,0.011998,0.129292,0.127659,0.128000,0.129101,0.130008,0.128349,0.130313,0.130112,0.131696,0.129417,0.131881,0.126133,0.127595,0.130335,0.130907,0.128467,0.128670,0.131233,0.127184,0.125844,0.130907,0.126439,0.125165,0.130020,0.013073,0.129018,0.128421,0.128994,0.128800,0.131208,0.128538,0.130297,0.129389,0.130905,0.129268,0.129866,0.125410,0.128069,0.131944,0.132180,0.128664,0.129198,0.131825,0.127245,0.130219,0.130266,0.126636,0.129636,0.000000,0.128860,0.128080,0.128565,0.128790,0.128845,0.129036,0.130060,0.130097,0.132048,0.129472,0.129580,0.124214,0.128350,0.131097,0.131865,0.127718,0.128272,0.130794,0.125079,0.129561,0.129126,0.128472,0.130128,0.014054,0.128935
HAP3_chr25,0.123591,0.123606,0.115680,0.124280,0.123306,0.126133,0.126225,0.126759,0.125127,0.124988,0.122872,0.123505,0.127620,0.127003,0.124737,0.124902,0.127307,0.122930,0.121255,0.125656,0.123178,0.117897,0.128182,0.129577,0.014470,0.121973,0.123592,0.115836,0.126161,0.123729,0.126820,0.125797,0.127688,0.124641,0.127073,0.121767,0.121769,0.123639,0.123665,0.124919,0.125222,0.127997,0.122590,0.120467,0.126166,0.121430,0.117518,0.126463,0.128941,0.014095,0.122231,0.122960,0.116331,0.126587,0.123173,0.126624,0.124339,0.126222,0.124376,0.122223,0.121977,0.123315,0.127868,0.126964,0.123819,0.124877,0.127935,0.121435,0.124394,0.125755,0.122707,0.126149,0.128860,0.000000,0.122554,0.122947,0.116741,0.124787,0.122587,0.126388,0.125086,0.127274,0.126070,0.121568,0.120392,0.123102,0.123939,0.126292,0.123247,0.124946,0.126367,0.121170,0.123182,0.124540,0.123620,0.127040,0.126732,0.015338
HAP4_chr01,0.013343,0.120120,0.113400,0.125436,0.118077,0.123272,0.119008,0.127575,0.121077,0.125210,0.119288,0.120584,0.126159,0.125218,0.122991,0.120315,0.125476,0.118829,0.117149,0.123147,0.120019,0.116120,0.127466,0.128384,0.124589,0.013593,0.120945,0.113117,0.127183,0.118042,0.124090,0.115890,0.126207,0.122228,0.126893,0.119537,0.120629,0.123903,0.125974,0.122683,0.120406,0.126286,0.117894,0.116332,0.124438,0.121015,0.115724,0.124204,0.128889,0.123676,0.014489,0.120242,0.112656,0.125920,0.114947,0.124046,0.117681,0.125823,0.121896,0.123114,0.119652,0.120518,0.125859,0.125054,0.122129,0.119684,0.126217,0.116797,0.115998,0.123846,0.119897,0.124174,0.128080,0.122554,0.000000,0.119450,0.112921,0.124027,0.117317,0.122880,0.114500,0.126426,0.122043,0.122276,0.116835,0.120674,0.124484,0.125375,0.119839,0.119681,0.124480,0.116759,0.115183,0.122260,0.120348,0.124968,0.125971,0.123007
HAP4_chr02,0.120287,0.012786,0.117157,0.125547,0.119379,0.123535,0.123977,0.127373,0.121500,0.125255,0.121112,0.121428,0.126250,0.126089,0.124059,0.121007,0.126093,0.120032,0.118031,0.124681,0.121752,0.119180,0.127833,0.128534,0.124857,0.118445,0.012238,0.116294,0.126951,0.119620,0.124431,0.121829,0.127087,0.122752,0.126832,0.120268,0.121586,0.124704,0.125927,0.124283,0.121746,0.126949,0.119280,0.117324,0.125576,0.121566,0.117089,0.125730,0.128109,0.123689,0.119407,0.012586,0.116335,0.126677,0.119171,0.124736,0.119769,0.125881,0.122119,0.124034,0.120991,0.121951,0.127119,0.125652,0.122734,0.119987,0.126936,0.118302,0.119103,0.125626,0.121179,0.125077,0.128565,0.122947,0.119450,0.000000,0.116340,0.124321,0.119597,0.123478,0.120581,0.126359,0.123476,0.123783,0.117636,0.121455,0.125971,0.124528,0.122485,0.120613,0.124516,0.117736,0.118669,0.124115,0.121974,0.125852,0.125689,0.124091
HAP4_chr03,0.115220,0.117469,0.018354,0.122140,0.114353,0.122662,0.118430,0.127347,0.120061,0.113953,0.118060,0.120192,0.121261,0.125643,0.123292,0.119532,0.125759,0.118656,0.114824,0.123781,0.119548,0.111359,0.127651,0.129541,0.121135,0.113022,0.118172,0.016341,0.123051,0.113748,0.122761,0.116496,0.126885,0.120098,0.123013,0.118028,0.118459,0.116020,0.122315,0.123650,0.118939,0.125891,0.115764,0.113984,0.124415,0.119523,0.110913,0.124124,0.129128,0.121685,0.113012,0.117435,0.018973,0.122475,0.112619,0.123009,0.113307,0.126094,0.120170,0.112476,0.119695,0.119861,0.124021,0.125222,0.122423,0.118890,0.126073,0.114339,0.109580,0.123515,0.119320,0.123805,0.128790,0.116741,0.112921,0.116340,0.000000,0.119270,0.109246,0.122369,0.112826,0.127265,0.119961,0.109364,0.114944,0.119553,0.121950,0.124201,0.120855,0.117982,0.123477,0.113609,0.108801,0.122199,0.120363,0.125682,0.126369,0.116400
HAP4_chr04,0.124907,0.124415,0.118675,0.013275,0.123997,0.126668,0.127046,0.128729,0.125872,0.125174,0.122860,0.123418,0.127734,0.129102,0.125064,0.125374,0.128470,0.123784,0.121795,0.127323,0.124092,0.119796,0.128323,0.129444,0.125426,0.124461,0.125547,0.118638,0.012943,0.125001,0.127628,0.126522,0.128872,0.125701,0.127647,0.122115,0.123060,0.125452,0.128488,0.126630,0.125140,0.129186,0.122996,0.121386,0.128012,0.124037,0.119274,0.127121,0.129723,0.126017,0.123999,0.124656,0.118635,0.013651,0.122841,0.127082,0.125172,0.128483,0.125721,0.125005,0.122344,0.124240,0.129233,0.128765,0.125072,0.125258,0.128867,0.122655,0.124631,0.127289,0.123660,0.127002,0.128845,0.124787,0.124027,0.124321,0.119270,0.000000,0.124673,0.126574,0.125707,0.129076,0.126178,0.123321,0.120128,0.123389,0.128491,0.127668,0.124463,0.125086,0.128575,0.121924,0.125070,0.126358,0.124326,0.126961,0.127136,0.125143
HAP4_chr05,0.118610,0.120275,0.110251,0.126845,0.011323,0.123328,0.122795,0.127110,0.121821,0.123794,0.119658,0.121565,0.126356,0.127110,0.124291,0.120672,0.125386,0.119656,0.117320,0.123883,0.120608,0.117929,0.127800,0.129356,0.124005,0.117800,0.121178,0.110152,0.127543,0.011791,0.123791,0.121126,0.127393,0.121744,0.127279,0.119281,0.121062,0.124256,0.126073,0.124444,0.121145,0.126074,0.118712,0.116196,0.124745,0.120598,0.116470,0.125215,0.129747,0.124152,0.117450,0.120795,0.109240,0.126461,0.011345,0.123903,0.118159,0.126551,0.121761,0.123199,0.120475,0.121583,0.125695,0.126350,0.123920,0.120454,0.126533,0.117851,0.115931,0.124079,0.120147,0.125784,0.129036,0.122587,0.117317,0.119597,0.109246,0.124673,0.000000,0.123633,0.118173,0.127827,0.122397,0.120050,0.116768,0.121561,0.124156,0.125097,0.122539,0.120137,0.124089,0.117067,0.115816,0.123220,0.121878,0.126226,0.127500,0.122593
HAP4_chr06,0.123886,0.124180,0.121356,0.128358,0.123453,0.011629,0.127122,0.126539,0.124656,0.128214,0.123928,0.125068,0.128459,0.129223,0.125801,0.124350,0.128488,0.123600,0.121464,0.127507,0.125020,0.122090,0.129650,0.131145,0.127851,0.123039,0.124511,0.121502,0.129114,0.123693,0.010772,0.125584,0.129199,0.125497,0.129289,0.122997,0.124852,0.127328,0.129278,0.127595,0.124886,0.129202,0.122795,0.121039,0.128111,0.124944,0.121417,0.127918,0.130424,0.127507,0.122473,0.124440,0.121608,0.129173,0.123176,0.010712,0.124471,0.128313,0.125145,0.127051,0.124390,0.125306,0.129472,0.128551,0.126241,0.124805,0.129367,0.121774,0.122732,0.127637,0.124964,0.127375,0.130060,0.126388,0.122880,0.123478,0.122369,0.126574,0.123633,0.000000,0.124451,0.129339,0.125608,0.126326,0.120999,0.124642,0.128156,0.128813,0.124919,0.123862,0.128501,0.121184,0.122342,0.126646,0.125335,0.127640,0.128734,0.127278
HAP4_chr07,0.120207,0.120400,0.113758,0.127259,0.118386,0.124653,0.016285,0.129516,0.121784,0.128043,0.121271,0.122045,0.127331,0.127965,0.124296,0.122918,0.127397,0.120553,0.117803,0.125657,0.122912,0.118551,0.129689,0.129789,0.126778,0.118593,0.121941,0.112869,0.128334,0.118369,0.125512,0.014132,0.128590,0.122651,0.129212,0.119680,0.121895,0.125006,0.126176,0.126282,0.122355,0.127840,0.119617,0.117259,0.125826,0.121781,0.117852,0.126637,0.130647,0.125452,0.117652,0.121615,0.112174,0.128014,0.117629,0.125400,0.011678,0.127814,0.121829,0.126631,0.121924,0.122123,0.127646,0.128025,0.124639,0.122584,0.128871,0.118264,0.116116,0.125578,0.122828,0.126424,0.130097,0.125086,0.114500,0.120581,0.112826,0.125707,0.118173,0.124451,0.000000,0.128857,0.122596,0.124819,0.117830,0.122416,0.125853,0.126077,0.122556,0.121481,0.127131,0.117763,0.116138,0.124907,0.123151,0.127063,0.128427,0.125376
HAP4_chr08,0.127162,0.127449,0.125441,0.129737,0.126433,0.128765,0.129839,0.013661,0.127963,0.129157,0.126073,0.126375,0.130371,0.130106,0.128287,0.127886,0.130162,0.126841,0.124400,0.128573,0.127286,0.124998,0.130771,0.131006,0.128466,0.126081,0.127515,0.125599,0.130813,0.126790,0.129479,0.128903,0.012633,0.127963,0.130594,0.125102,0.125828,0.129262,0.130508,0.127852,0.128548,0.130789,0.126474,0.123616,0.128955,0.126431,0.123716,0.129629,0.132396,0.126657,0.126436,0.126785,0.126484,0.130061,0.126350,0.129423,0.127449,0.013194,0.127797,0.129145,0.125549,0.127131,0.130503,0.129878,0.127035,0.127460,0.130839,0.125817,0.127717,0.128699,0.126777,0.128785,0.132048,0.127274,0.126426,0.126359,0.127265,0.129076,0.127827,0.129339,0.128857,0.000000,0.128305,0.128133,0.123644,0.126856,0.130282,0.129140,0.126528,0.127461,0.129750,0.125314,0.127282,0.127849,0.126842,0.130335,0.130145,0.128464
HAP4_chr09,0.122455,0.124253,0.119447,0.128328,0.122352,0.125295,0.124770,0.128575,0.012297,0.127752,0.123093,0.123184,0.128259,0.128154,0.125610,0.124127,0.127925,0.122759,0.119033,0.126504,0.123625,0.120430,0.129714,0.130350,0.127807,0.121437,0.124328,0.119782,0.128375,0.122165,0.126330,0.123316,0.128377,0.010985,0.128996,0.122086,0.123071,0.126806,0.126989,0.127179,0.123334,0.128490,0.122195,0.119524,0.126247,0.123868,0.119356,0.126399,0.129553,0.124611,0.121396,0.124313,0.119114,0.128477,0.122262,0.125794,0.123137,0.128246,0.010407,0.127044,0.122777,0.123864,0.127658,0.127852,0.125131,0.124153,0.128827,0.120666,0.120849,0.125499,0.124790,0.126748,0.129472,0.126070,0.122043,0.123476,0.119961,0.126178,0.122397,0.125608,0.122596,0.128305,0.000000,0.125707,0.119462,0.123244,0.127716,0.127968,0.124140,0.122577,0.127935,0.120555,0.120512,0.125304,0.125423,0.127563,0.127746,0.125434
HAP4_chr10,0.123514,0.124450,0.109613,0.124435,0.123175,0.125705,0.126350,0.127968,0.125318,0.012737,0.122900,0.123508,0.125682,0.128171,0.124776,0.124728,0.127601,0.122261,0.121554,0.126439,0.124097,0.119752,0.127908,0.129842,0.123283,0.123375,0.124534,0.110505,0.125658,0.123980,0.126882,0.126394,0.127307,0.125010,0.012700,0.122603,0.123104,0.123767,0.127352,0.125414,0.124622,0.128360,0.122530,0.120635,0.127473,0.123410,0.119333,0.126575,0.130051,0.124768,0.123133,0.124023,0.108893,0.125510,0.122486,0.126673,0.124211,0.127367,0.124591,0.014147,0.123258,0.123628,0.127427,0.127708,0.125015,0.124857,0.128411,0.121440,0.123402,0.126848,0.123779,0.126170,0.129580,0.121568,0.122276,0.123783,0.109364,0.123321,0.120050,0.126326,0.124819,0.128133,0.125707,0.000000,0.120662,0.123549,0.126511,0.127297,0.123778,0.124465,0.127758,0.121249,0.123411,0.125882,0.124112,0.127101,0.127626,0.121692
HAP4_chr11,0.117546,0.118443,0.114709,0.121409,0.117317,0.120570,0.121112,0.124410,0.119481,0.122673,0.034983,0.117657,0.123470,0.123615,0.120125,0.118925,0.123056,0.117798,0.113909,0.120807,0.117870,0.115471,0.123545,0.124359,0.121843,0.116591,0.118268,0.114630,0.122616,0.117118,0.121952,0.118959,0.123909,0.119715,0.123782,0.034982,0.117565,0.121073,0.121510,0.120487,0.118663,0.123696,0.117262,0.114070,0.121933,0.118627,0.115195,0.121364,0.125485,0.120562,0.116852,0.118559,0.114660,0.122209,0.116109,0.121686,0.117517,0.122701,0.118963,0.121368,0.035378,0.117882,0.123219,0.121758,0.119186,0.118247,0.123957,0.116566,0.116253,0.120395,0.117737,0.121932,0.124214,0.120392,0.116835,0.117636,0.114944,0.120128,0.116768,0.120999,0.117830,0.123644,0.119462,0.120662,0.000000,0.118297,0.122777,0.121593,0.118595,0.118241,0.121854,0.115762,0.115875,0.119920,0.119438,0.121173,0.122925,0.120329
HAP4_chr12,0.120708,0.122468,0.118940,0.124114,0.121136,0.123907,0.125345,0.127009,0.123068,0.126049,0.120949,0.012179,0.126675,0.126537,0.123921,0.122044,0.125935,0.120572,0.118648,0.123790,0.121735,0.118550,0.127609,0.127556,0.124698,0.119713,0.122405,0.118857,0.125979,0.121437,0.124834,0.122981,0.126682,0.122570,0.127071,0.120106,0.012529,0.124702,0.126163,0.123751,0.122809,0.126771,0.119782,0.118380,0.125145,0.121453,0.118692,0.125523,0.128037,0.123256,0.120671,0.122565,0.119590,0.125495,0.120838,0.124548,0.121660,0.126310,0.122289,0.124944,0.121392,0.011416,0.126577,0.126477,0.123615,0.122131,0.125777,0.119500,0.120883,0.124425,0.121502,0.124856,0.128350,0.123102,0.120674,0.121455,0.119553,0.123389,0.121561,0.124642,0.122416,0.126856,0.123244,0.123549,0.118297,0.000000,0.125241,0.125953,0.122158,0.121861,0.124509,0.119135,0.121376,0.123123,0.122433,0.126144,0.125814,0.124108
HAP4_chr13,0.125582,0.126301,0.121610,0.129360,0.125028,0.127323,0.128662,0.130964,0.127432,0.128665,0.125279,0.125518,0.013352,0.129792,0.127587,0.126605,0.129308,0.125308,0.123823,0.127766,0.126689,0.123667,0.130456,0.131078,0.124242,0.124727,0.126550,0.121089,0.129812,0.124032,0.128424,0.127315,0.130137,0.126556,0.129947,0.125431,0.125610,0.013500,0.128960,0.128337,0.127172,0.129357,0.125165,0.122947,0.128211,0.126251,0.122691,0.128641,0.132345,0.125723,0.124656,0.125809,0.122075,0.127414,0.124924,0.128168,0.125688,0.129629,0.127267,0.127287,0.125577,0.126464,0.010614,0.128765,0.128138,0.126861,0.127605,0.124356,0.125765,0.128083,0.125715,0.128818,0.131097,0.123939,0.124484,0.125971,0.121950,0.128491,0.124156,0.128156,0.125853,0.130282,0.127716,0.126511,0.122777,0.125241,0.000000,0.129136,0.126599,0.127006,0.125717,0.123531,0.124786,0.126529,0.126368,0.129653,0.129175,0.124333
HAP4_chr14,0.125453,0.125811,0.124183,0.127997,0.124843,0.128207,0.128670,0.129854,0.127303,0.129217,0.123604,0.126466,0.129825,0.012454,0.126240,0.126277,0.129644,0.124628,0.123419,0.128624,0.125230,0.122721,0.131025,0.130851,0.126974,0.124856,0.125914,0.123264,0.129361,0.125348,0.129258,0.128124,0.129337,0.126633,0.129541,0.123120,0.126402,0.127463,0.013358,0.127606,0.126629,0.130254,0.125088,0.122542,0.128251,0.124647,0.121860,0.128591,0.131930,0.126757,0.124776,0.125828,0.124386,0.128969,0.125192,0.127942,0.126409,0.128648,0.127351,0.128156,0.124075,0.126869,0.127630,0.012633,0.127269,0.126878,0.130534,0.124639,0.126374,0.128919,0.126131,0.128730,0.131865,0.126292,0.125375,0.124528,0.124201,0.127668,0.125097,0.128813,0.126077,0.129140,0.127968,0.127297,0.121593,0.125953,0.129136,0.000000,0.125843,0.125788,0.128628,0.123666,0.125759,0.128637,0.126315,0.129085,0.129181,0.125835
HAP4_chr15,0.121437,0.122617,0.120094,0.125661,0.121938,0.124836,0.120959,0.126876,0.123979,0.125849,0.120664,0.122122,0.126474,0.126568,0.015036,0.123073,0.126780,0.121607,0.118785,0.124463,0.122655,0.117715,0.127263,0.127961,0.123301,0.120663,0.123071,0.120056,0.126761,0.122335,0.125774,0.124405,0.126466,0.124019,0.126962,0.120115,0.122949,0.124520,0.125914,0.013119,0.123126,0.126111,0.120996,0.118486,0.125750,0.121553,0.117303,0.124567,0.128982,0.122609,0.120472,0.121986,0.119877,0.126235,0.121984,0.125009,0.122853,0.126525,0.124089,0.124934,0.118972,0.122606,0.127290,0.126555,0.013108,0.123087,0.127851,0.120631,0.122103,0.124292,0.121989,0.124963,0.127718,0.123247,0.119839,0.122485,0.120855,0.124463,0.122539,0.124919,0.122556,0.126528,0.124140,0.123778,0.118595,0.122158,0.126599,0.125843,0.000000,0.122560,0.124879,0.119244,0.121580,0.123558,0.120969,0.125534,0.125960,0.123068
HAP4_chr16,0.120795,0.121001,0.117632,0.125831,0.120943,0.123815,0.124181,0.128035,0.122140,0.126863,0.120259,0.121546,0.126509,0.127515,0.123719,0.012178,0.124633,0.120506,0.118417,0.123713,0.121108,0.118525,0.127590,0.128895,0.124951,0.119215,0.121369,0.118376,0.126860,0.120705,0.125374,0.122523,0.126966,0.122689,0.128414,0.120907,0.121799,0.124667,0.124919,0.124065,0.010942,0.124804,0.119401,0.117918,0.124770,0.121385,0.118314,0.125428,0.128581,0.123325,0.119400,0.121089,0.117709,0.127176,0.120316,0.124726,0.121470,0.126746,0.122829,0.125839,0.121062,0.121913,0.126948,0.126902,0.123429,0.011485,0.125371,0.119010,0.119576,0.124947,0.121480,0.126092,0.128272,0.124946,0.119681,0.120613,0.117982,0.125086,0.120137,0.123862,0.121481,0.127461,0.122577,0.124465,0.118241,0.121861,0.127006,0.125788,0.122560,0.000000,0.125184,0.117831,0.118954,0.124697,0.122122,0.126007,0.125885,0.124198
HAP4_chr17,0.124194,0.125931,0.123455,0.128874,0.125321,0.128319,0.129479,0.130414,0.127461,0.129309,0.124094,0.125481,0.129570,0.129637,0.127019,0.125522,0.013009,0.124068,0.122512,0.126550,0.125147,0.122762,0.129206,0.130628,0.127206,0.123991,0.126325,0.121962,0.130114,0.124867,0.128970,0.127975,0.129412,0.127416,0.129917,0.123913,0.125354,0.127875,0.130219,0.126315,0.126460,0.012711,0.122989,0.122344,0.127754,0.124606,0.122562,0.127952,0.130782,0.127052,0.124738,0.126280,0.122953,0.126709,0.124973,0.128761,0.126841,0.128973,0.127286,0.127418,0.124710,0.125552,0.126719,0.129626,0.127064,0.125673,0.010762,0.124202,0.125465,0.127681,0.124261,0.127945,0.130794,0.126367,0.124480,0.124516,0.123477,0.128575,0.124089,0.128501,0.127131,0.129750,0.127935,0.127758,0.121854,0.124509,0.125717,0.128628,0.124879,0.125184,0.000000,0.123960,0.124870,0.126844,0.126248,0.129168,0.129463,0.127207
HAP4_chr18,0.118186,0.118421,0.112771,0.123371,0.117642,0.120988,0.121468,0.125348,0.119757,0.122944,0.119248,0.119308,0.125179,0.124778,0.121201,0.119247,0.123926,0.014258,0.116275,0.122969,0.119086,0.115500,0.124725,0.126124,0.123185,0.117244,0.118814,0.113699,0.123642,0.117350,0.122604,0.119119,0.124675,0.119596,0.124978,0.118678,0.119392,0.122842,0.123434,0.122855,0.119177,0.124387,0.012255,0.115102,0.123866,0.118983,0.114368,0.122623,0.126338,0.121826,0.116446,0.118987,0.113303,0.124616,0.117116,0.122539,0.117132,0.124132,0.119946,0.121643,0.118732,0.119524,0.125037,0.123554,0.121327,0.118017,0.125111,0.012395,0.116031,0.122830,0.119060,0.123067,0.125079,0.121170,0.116759,0.117736,0.113609,0.121924,0.117067,0.121184,0.117763,0.125314,0.120555,0.121249,0.115762,0.119135,0.123531,0.123666,0.119244,0.117831,0.123960,0.000000,0.115556,0.122456,0.120015,0.123322,0.123799,0.121243
HAP4_chr19,0.117265,0.118897,0.110088,0.127608,0.115851,0.123224,0.122231,0.127989,0.120620,0.125977,0.120389,0.121695,0.125759,0.127470,0.123893,0.120466,0.126158,0.119478,0.054450,0.125139,0.122608,0.053062,0.128505,0.129919,0.126079,0.115673,0.120069,0.109440,0.127803,0.115608,0.123753,0.119082,0.127190,0.120552,0.128796,0.119619,0.121173,0.124436,0.125229,0.124941,0.120510,0.127152,0.117920,0.053098,0.125794,0.121751,0.052291,0.125458,0.130608,0.124214,0.115035,0.119171,0.109218,0.127919,0.115680,0.123948,0.116950,0.126847,0.120410,0.124471,0.120183,0.122097,0.126210,0.126398,0.123265,0.120068,0.126967,0.116942,0.006061,0.122270,0.122175,0.125934,0.129561,0.123182,0.115183,0.118669,0.108801,0.125070,0.115816,0.122342,0.116138,0.127282,0.120512,0.123411,0.115875,0.121376,0.124786,0.125759,0.121580,0.118954,0.124870,0.115556,0.000000,0.121763,0.122151,0.126717,0.127666,0.124279
HAP4_chr20,0.123267,0.124243,0.122791,0.128201,0.123151,0.126525,0.126792,0.128548,0.123889,0.127171,0.122646,0.122958,0.127948,0.127944,0.125438,0.124924,0.127931,0.123800,0.120718,0.012360,0.123839,0.121712,0.127989,0.128912,0.125325,0.122663,0.124277,0.122127,0.128232,0.123470,0.126517,0.125762,0.127444,0.125219,0.128262,0.122193,0.123931,0.126486,0.127662,0.125407,0.125022,0.128231,0.123039,0.120118,0.011714,0.124470,0.120767,0.126491,0.129727,0.124934,0.122446,0.124478,0.122024,0.128126,0.123147,0.126957,0.123860,0.127674,0.125062,0.125652,0.122802,0.124305,0.128345,0.128273,0.125098,0.124877,0.128324,0.122073,0.123588,0.011581,0.123788,0.126019,0.129126,0.124540,0.122260,0.124115,0.122199,0.126358,0.123220,0.126646,0.124907,0.127849,0.125304,0.125882,0.119920,0.123123,0.126529,0.128637,0.123558,0.124697,0.126844,0.122456,0.121763,0.000000,0.124664,0.126373,0.126416,0.125328
HAP4_chr21,0.120694,0.122166,0.119153,0.125548,0.122243,0.124714,0.125919,0.127955,0.123442,0.126923,0.120777,0.121955,0.126625,0.127294,0.123896,0.122080,0.125689,0.121387,0.119625,0.124136,0.014516,0.119413,0.127477,0.128252,0.124226,0.120380,0.122870,0.119232,0.127039,0.122297,0.125899,0.124554,0.127255,0.124200,0.127453,0.121091,0.122576,0.124883,0.126329,0.123144,0.122976,0.127216,0.120785,0.119475,0.125479,0.014657,0.118837,0.125103,0.128746,0.124091,0.120483,0.122954,0.119928,0.126438,0.121694,0.125624,0.122715,0.126986,0.123786,0.124322,0.121598,0.121979,0.127189,0.126375,0.121929,0.123073,0.126931,0.120476,0.122446,0.125642,0.013340,0.125227,0.128472,0.123620,0.120348,0.121974,0.120363,0.124326,0.121878,0.125335,0.123151,0.126842,0.125423,0.124112,0.119438,0.122433,0.126368,0.126315,0.120969,0.122122,0.126248,0.120015,0.122151,0.124664,0.000000,0.125901,0.125564,0.124912
HAP4_chr23,0.125491,0.126542,0.124570,0.127700,0.125809,0.127356,0.128600,0.130103,0.126836,0.128206,0.124292,0.125374,0.129228,0.129660,0.126342,0.126811,0.128730,0.125032,0.122966,0.127438,0.125349,0.122469,0.012535,0.131235,0.127664,0.124811,0.125899,0.125036,0.128651,0.126155,0.128430,0.127667,0.129184,0.127453,0.129626,0.123707,0.125741,0.128650,0.128928,0.127547,0.126670,0.129465,0.124539,0.122569,0.128306,0.125665,0.122106,0.012255,0.131233,0.126842,0.125341,0.126557,0.124647,0.129196,0.125866,0.128588,0.126695,0.129031,0.127009,0.128190,0.124573,0.126246,0.130183,0.129490,0.126442,0.126791,0.129599,0.124182,0.126821,0.126163,0.124908,0.011963,0.130128,0.127040,0.124968,0.125852,0.125682,0.126961,0.126226,0.127640,0.127063,0.130335,0.127563,0.127101,0.121173,0.126144,0.129653,0.129085,0.125534,0.126007,0.129168,0.123322,0.126717,0.126373,0.125901,0.000000,0.127932,0.126833
HAP4_chr24,0.125715,0.126116,0.125803,0.127924,0.126407,0.127974,0.129111,0.130289,0.126624,0.128854,0.123906,0.125250,0.129709,0.129280,0.127008,0.126429,0.128618,0.124133,0.122745,0.128119,0.125021,0.123624,0.129027,0.014624,0.126981,0.125407,0.126459,0.126980,0.128753,0.126773,0.128153,0.128256,0.129906,0.126718,0.130204,0.123541,0.125299,0.128643,0.129298,0.127589,0.126649,0.129186,0.124692,0.122607,0.129058,0.124703,0.122674,0.127772,0.014420,0.126870,0.125585,0.126897,0.127118,0.129392,0.126189,0.128994,0.126735,0.129590,0.126956,0.128091,0.124165,0.126110,0.130248,0.129022,0.126679,0.126179,0.130095,0.124886,0.127696,0.127818,0.124417,0.127245,0.014054,0.126732,0.125971,0.125689,0.126369,0.127136,0.127500,0.128734,0.128427,0.130145,0.127746,0.127626,0.122925,0.125814,0.129175,0.129181,0.125960,0.125885,0.129463,0.123799,0.127666,0.126416,0.125564,0.127932,0.000000,0.126457
HAP4_chr25,0.123988,0.124468,0.114963,0.125051,0.124358,0.126413,0.125894,0.129274,0.125135,0.122842,0.121173,0.123847,0.128250,0.127648,0.125738,0.125393,0.126928,0.123298,0.121432,0.126024,0.123819,0.117462,0.127990,0.128502,0.013387,0.122292,0.124870,0.116817,0.125676,0.124231,0.127075,0.125353,0.127939,0.123464,0.126814,0.121510,0.124092,0.123493,0.114279,0.125737,0.125664,0.128170,0.123054,0.120994,0.126682,0.122633,0.116731,0.126031,0.128547,0.015094,0.123722,0.124161,0.116627,0.126158,0.123722,0.127615,0.124214,0.128340,0.124767,0.123803,0.122055,0.124125,0.128009,0.127289,0.124670,0.125226,0.128049,0.122932,0.124889,0.126281,0.123820,0.125925,0.128935,0.015338,0.123007,0.124091,0.116400,0.125143,0.122593,0.127278,0.125376,0.128464,0.125434,0.121692,0.120329,0.124108,0.124333,0.125835,0.123068,0.124198,0.127207,0.121243,0.124279,0.125328,0.124912,0.126833,0.126457,0.000000
