chrom	win_start	win_end	unit_a	unit_b	hap_a	hap_b	kmers_a	kmers_b	shared	union	jaccard_distance
17	1	250000	HAP1_chr17	HAP2_chr17	HAP1	HAP2	231479	216658	16362	431775	0.962105
17	1	250000	HAP1_chr17	HAP3_chr17	HAP1	HAP3	231479	221082	169785	282776	0.399578
17	1	250000	HAP1_chr17	HAP4_chr17	HAP1	HAP4	231479	206115	130397	307197	0.575526
17	1	250000	HAP2_chr17	HAP3_chr17	HAP2	HAP3	216658	221082	10206	427534	0.976128
17	1	250000	HAP2_chr17	HAP4_chr17	HAP2	HAP4	216658	206115	10825	411948	0.973722
17	1	250000	HAP3_chr17	HAP4_chr17	HAP3	HAP4	221082	206115	162580	264617	0.385603
17	250001	500000	HAP1_chr17	HAP2_chr17	HAP1	HAP2	217000	229092	15040	431052	0.965109
17	250001	500000	HAP1_chr17	HAP3_chr17	HAP1	HAP3	217000	214419	160397	271022	0.408177
17	250001	500000	HAP1_chr17	HAP4_chr17	HAP1	HAP4	217000	224759	82130	359629	0.771626
17	250001	500000	HAP2_chr17	HAP3_chr17	HAP2	HAP3	229092	214419	14431	429080	0.966368
17	250001	500000	HAP2_chr17	HAP4_chr17	HAP2	HAP4	229092	224759	12536	441315	0.971594
17	250001	500000	HAP3_chr17	HAP4_chr17	HAP3	HAP4	214419	224759	99364	339814	0.707593
17	500001	750000	HAP1_chr17	HAP2_chr17	HAP1	HAP2	218768	196055	22731	392092	0.942026
17	500001	750000	HAP1_chr17	HAP3_chr17	HAP1	HAP3	218768	232997	67454	384311	0.824481
17	500001	750000	HAP1_chr17	HAP4_chr17	HAP1	HAP4	218768	215531	70693	363606	0.805578
17	500001	750000	HAP2_chr17	HAP3_chr17	HAP2	HAP3	196055	232997	26312	402740	0.934668
17	500001	750000	HAP2_chr17	HAP4_chr17	HAP2	HAP4	196055	215531	26816	384770	0.930306
17	500001	750000	HAP3_chr17	HAP4_chr17	HAP3	HAP4	232997	215531	94077	354451	0.734584
17	750001	1000000	HAP1_chr17	HAP2_chr17	HAP1	HAP2	219548	219534	24224	414858	0.941609
17	750001	1000000	HAP1_chr17	HAP3_chr17	HAP1	HAP3	219548	198863	21751	396660	0.945165
17	750001	1000000	HAP1_chr17	HAP4_chr17	HAP1	HAP4	219548	215184	71932	362800	0.801731
17	750001	1000000	HAP2_chr17	HAP3_chr17	HAP2	HAP3	219534	198863	65465	352932	0.814511
17	750001	1000000	HAP2_chr17	HAP4_chr17	HAP2	HAP4	219534	215184	24985	409733	0.939021
17	750001	1000000	HAP3_chr17	HAP4_chr17	HAP3	HAP4	198863	215184	57298	356749	0.839388
17	1000001	1250000	HAP1_chr17	HAP2_chr17	HAP1	HAP2	197676	217498	9002	406172	0.977837
17	1000001	1250000	HAP1_chr17	HAP3_chr17	HAP1	HAP3	197676	160838	21364	337150	0.936634
17	1000001	1250000	HAP1_chr17	HAP4_chr17	HAP1	HAP4	197676	184011	44471	337216	0.868123
17	1000001	1250000	HAP2_chr17	HAP3_chr17	HAP2	HAP3	217498	160838	25690	352646	0.927151
17	1000001	1250000	HAP2_chr17	HAP4_chr17	HAP2	HAP4	217498	184011	9924	391585	0.974657
17	1000001	1250000	HAP3_chr17	HAP4_chr17	HAP3	HAP4	160838	184011	39438	305411	0.870869
17	1250001	1500000	HAP1_chr17	HAP2_chr17	HAP1	HAP2	234016	204539	34573	403982	0.914419
17	1250001	1500000	HAP1_chr17	HAP3_chr17	HAP1	HAP3	234016	231246	137510	327752	0.580445
17	1250001	1500000	HAP1_chr17	HAP4_chr17	HAP1	HAP4	234016	229920	64203	399733	0.839385
17	1250001	1500000	HAP2_chr17	HAP3_chr17	HAP2	HAP3	204539	231246	36620	399165	0.908258
17	1250001	1500000	HAP2_chr17	HAP4_chr17	HAP2	HAP4	204539	229920	12215	422244	0.971071
17	1250001	1500000	HAP3_chr17	HAP4_chr17	HAP3	HAP4	231246	229920	70252	390914	0.820288
17	1500001	1750000	HAP1_chr17	HAP2_chr17	HAP1	HAP2	207530	220306	20864	406972	0.948734
17	1500001	1750000	HAP1_chr17	HAP3_chr17	HAP1	HAP3	207530	212393	124826	295097	0.577000
17	1500001	1750000	HAP1_chr17	HAP4_chr17	HAP1	HAP4	207530	225735	21551	411714	0.947655
17	1500001	1750000	HAP2_chr17	HAP3_chr17	HAP2	HAP3	220306	212393	17111	415588	0.958827
17	1500001	1750000	HAP2_chr17	HAP4_chr17	HAP2	HAP4	220306	225735	16977	429064	0.960432
17	1500001	1750000	HAP3_chr17	HAP4_chr17	HAP3	HAP4	212393	225735	35529	402599	0.911751
17	1750001	2000000	HAP1_chr17	HAP2_chr17	HAP1	HAP2	230747	228984	21798	437933	0.950225
17	1750001	2000000	HAP1_chr17	HAP3_chr17	HAP1	HAP3	230747	235487	109827	356407	0.691849
17	1750001	2000000	HAP1_chr17	HAP4_chr17	HAP1	HAP4	230747	228250	83482	375515	0.777687
17	1750001	2000000	HAP2_chr17	HAP3_chr17	HAP2	HAP3	228984	235487	17194	447277	0.961558
17	1750001	2000000	HAP2_chr17	HAP4_chr17	HAP2	HAP4	228984	228250	33555	423679	0.920801
17	1750001	2000000	HAP3_chr17	HAP4_chr17	HAP3	HAP4	235487	228250	110718	353019	0.686368
17	2000001	2250000	HAP1_chr17	HAP2_chr17	HAP1	HAP2	227457	221122	18455	430124	0.957094
17	2000001	2250000	HAP1_chr17	HAP3_chr17	HAP1	HAP3	227457	219275	122880	323852	0.620567
17	2000001	2250000	HAP1_chr17	HAP4_chr17	HAP1	HAP4	227457	210214	51740	385931	0.865935
17	2000001	2250000	HAP2_chr17	HAP3_chr17	HAP2	HAP3	221122	219275	17922	422475	0.957579
17	2000001	2250000	HAP2_chr17	HAP4_chr17	HAP2	HAP4	221122	210214	18769	412567	0.954507
17	2000001	2250000	HAP3_chr17	HAP4_chr17	HAP3	HAP4	219275	210214	91136	338353	0.730648
17	2250001	2500000	HAP1_chr17	HAP2_chr17	HAP1	HAP2	234403	208333	14222	428514	0.966811
17	2250001	2500000	HAP1_chr17	HAP3_chr17	HAP1	HAP3	234403	232263	108930	357736	0.695502
17	2250001	2500000	HAP1_chr17	HAP4_chr17	HAP1	HAP4	234403	222964	69217	388150	0.821675
17	2250001	2500000	HAP2_chr17	HAP3_chr17	HAP2	HAP3	208333	232263	21890	418706	0.947720
17	2250001	2500000	HAP2_chr17	HAP4_chr17	HAP2	HAP4	208333	222964	25470	405827	0.937239
17	2250001	2500000	HAP3_chr17	HAP4_chr17	HAP3	HAP4	232263	222964	67042	388185	0.827294
17	2500001	2750000	HAP1_chr17	HAP2_chr17	HAP1	HAP2	191163	235110	16156	410117	0.960606
17	2500001	2750000	HAP1_chr17	HAP3_chr17	HAP1	HAP3	191163	225428	28538	388053	0.926458
17	2500001	2750000	HAP1_chr17	HAP4_chr17	HAP1	HAP4	191163	205455	48453	348165	0.860833
17	2500001	2750000	HAP2_chr17	HAP3_chr17	HAP2	HAP3	235110	225428	13537	447001	0.969716
17	2500001	2750000	HAP2_chr17	HAP4_chr17	HAP2	HAP4	235110	205455	44949	395616	0.886382
17	2500001	2750000	HAP3_chr17	HAP4_chr17	HAP3	HAP4	225428	205455	38673	392210	0.901397
17	2750001	3000000	HAP1_chr17	HAP2_chr17	HAP1	HAP2	222450	227724	12473	437701	0.971503
17	2750001	3000000	HAP1_chr17	HAP3_chr17	HAP1	HAP3	222450	212808	40911	394347	0.896256
17	2750001	3000000	HAP1_chr17	HAP4_chr17	HAP1	HAP4	222450	197391	47448	372393	0.872586
17	2750001	3000000	HAP2_chr17	HAP3_chr17	HAP2	HAP3	227724	212808	17990	422542	0.957424
17	2750001	3000000	HAP2_chr17	HAP4_chr17	HAP2	HAP4	227724	197391	16256	408859	0.960241
17	2750001	3000000	HAP3_chr17	HAP4_chr17	HAP3	HAP4	212808	197391	93539	316660	0.704607
17	3000001	3250000	HAP1_chr17	HAP2_chr17	HAP1	HAP2	215093	233507	11982	436618	0.972557
17	3000001	3250000	HAP1_chr17	HAP3_chr17	HAP1	HAP3	215093	210020	84440	340673	0.752138
17	3000001	3250000	HAP1_chr17	HAP4_chr17	HAP1	HAP4	215093	232368	62453	385008	0.837788
17	3000001	3250000	HAP2_chr17	HAP3_chr17	HAP2	HAP3	233507	210020	16180	427347	0.962138
17	3000001	3250000	HAP2_chr17	HAP4_chr17	HAP2	HAP4	233507	232368	8610	457265	0.981171
17	3000001	3250000	HAP3_chr17	HAP4_chr17	HAP3	HAP4	210020	232368	67871	374517	0.818777
17	3250001	3500000	HAP1_chr17	HAP2_chr17	HAP1	HAP2	222869	229096	19237	432728	0.955545
17	3250001	3500000	HAP1_chr17	HAP3_chr17	HAP1	HAP3	222869	225588	66788	381669	0.825011
17	3250001	3500000	HAP1_chr17	HAP4_chr17	HAP1	HAP4	222869	225146	40455	407560	0.900739
17	3250001	3500000	HAP2_chr17	HAP3_chr17	HAP2	HAP3	229096	225588	14893	439791	0.966136
17	3250001	3500000	HAP2_chr17	HAP4_chr17	HAP2	HAP4	229096	225146	17529	436713	0.959862
17	3250001	3500000	HAP3_chr17	HAP4_chr17	HAP3	HAP4	225588	225146	60871	389863	0.843866
17	3500001	3750000	HAP1_chr17	HAP2_chr17	HAP1	HAP2	192957	220233	15406	397784	0.961270
17	3500001	3750000	HAP1_chr17	HAP3_chr17	HAP1	HAP3	192957	233408	27921	398444	0.929925
17	3500001	3750000	HAP1_chr17	HAP4_chr17	HAP1	HAP4	192957	227861	12731	408087	0.968803
17	3500001	3750000	HAP2_chr17	HAP3_chr17	HAP2	HAP3	220233	233408	14054	439587	0.968029
17	3500001	3750000	HAP2_chr17	HAP4_chr17	HAP2	HAP4	220233	227861	8316	439778	0.981090
17	3500001	3750000	HAP3_chr17	HAP4_chr17	HAP3	HAP4	233408	227861	108688	352581	0.691736
17	3750001	4000000	HAP1_chr17	HAP2_chr17	HAP1	HAP2	221636	182175	21039	382772	0.945035
17	3750001	4000000	HAP1_chr17	HAP3_chr17	HAP1	HAP3	221636	229340	18877	432099	0.956313
17	3750001	4000000	HAP1_chr17	HAP4_chr17	HAP1	HAP4	221636	231811	19320	434127	0.955497
17	3750001	4000000	HAP2_chr17	HAP3_chr17	HAP2	HAP3	182175	229340	14332	397183	0.963916
17	3750001	4000000	HAP2_chr17	HAP4_chr17	HAP2	HAP4	182175	231811	18432	395554	0.953402
17	3750001	4000000	HAP3_chr17	HAP4_chr17	HAP3	HAP4	229340	231811	112042	349109	0.679063
17	4000001	4250000	HAP1_chr17	HAP2_chr17	HAP1	HAP2	217459	216210	33181	400488	0.917149
17	4000001	4250000	HAP1_chr17	HAP3_chr17	HAP1	HAP3	217459	228478	17721	428216	0.958617
17	4000001	4250000	HAP1_chr17	HAP4_chr17	HAP1	HAP4	217459	225352	23981	418830	0.942743
17	4000001	4250000	HAP2_chr17	HAP3_chr17	HAP2	HAP3	216210	228478	22223	422465	0.947397
17	4000001	4250000	HAP2_chr17	HAP4_chr17	HAP2	HAP4	216210	225352	22532	419030	0.946228
17	4000001	4250000	HAP3_chr17	HAP4_chr17	HAP3	HAP4	228478	225352	57209	396621	0.855759
17	4250001	4500000	HAP1_chr17	HAP2_chr17	HAP1	HAP2	186450	198128	19431	365147	0.946786
17	4250001	4500000	HAP1_chr17	HAP3_chr17	HAP1	HAP3	186450	213791	16022	384219	0.958300
17	4250001	4500000	HAP1_chr17	HAP4_chr17	HAP1	HAP4	186450	221971	23377	385044	0.939287
17	4250001	4500000	HAP2_chr17	HAP3_chr17	HAP2	HAP3	198128	213791	28109	383810	0.926763
17	4250001	4500000	HAP2_chr17	HAP4_chr17	HAP2	HAP4	198128	221971	25597	394502	0.935116
17	4250001	4500000	HAP3_chr17	HAP4_chr17	HAP3	HAP4	213791	221971	41966	393796	0.893432
17	4500001	4750000	HAP1_chr17	HAP2_chr17	HAP1	HAP2	195120	188182	18711	364591	0.948679
17	4500001	4750000	HAP1_chr17	HAP3_chr17	HAP1	HAP3	195120	219274	20165	394229	0.948850
17	4500001	4750000	HAP1_chr17	HAP4_chr17	HAP1	HAP4	195120	220591	15793	399918	0.960509
17	4500001	4750000	HAP2_chr17	HAP3_chr17	HAP2	HAP3	188182	219274	28846	378610	0.923811
17	4500001	4750000	HAP2_chr17	HAP4_chr17	HAP2	HAP4	188182	220591	27637	381136	0.927488
17	4500001	4750000	HAP3_chr17	HAP4_chr17	HAP3	HAP4	219274	220591	33015	406850	0.918852
17	4750001	5000000	HAP1_chr17	HAP2_chr17	HAP1	HAP2	201975	218301	24166	396110	0.938992
17	4750001	5000000	HAP1_chr17	HAP3_chr17	HAP1	HAP3	201975	200798	25841	376932	0.931444
17	4750001	5000000	HAP1_chr17	HAP4_chr17	HAP1	HAP4	201975	209575	29211	382339	0.923599
17	4750001	5000000	HAP2_chr17	HAP3_chr17	HAP2	HAP3	218301	200798	104350	314749	0.668466
17	4750001	5000000	HAP2_chr17	HAP4_chr17	HAP2	HAP4	218301	209575	30072	397804	0.924405
17	4750001	5000000	HAP3_chr17	HAP4_chr17	HAP3	HAP4	200798	209575	33859	376514	0.910072
17	5000001	5250000	HAP1_chr17	HAP2_chr17	HAP1	HAP2	188523	229426	17323	400626	0.956760
17	5000001	5250000	HAP1_chr17	HAP3_chr17	HAP1	HAP3	188523	223740	32922	379341	0.913213
17	5000001	5250000	HAP1_chr17	HAP4_chr17	HAP1	HAP4	188523	173773	41836	320460	0.869450
17	5000001	5250000	HAP2_chr17	HAP3_chr17	HAP2	HAP3	229426	223740	107893	345273	0.687514
17	5000001	5250000	HAP2_chr17	HAP4_chr17	HAP2	HAP4	229426	173773	16876	386323	0.956316
17	5000001	5250000	HAP3_chr17	HAP4_chr17	HAP3	HAP4	223740	173773	35605	361908	0.901619
17	5250001	5500000	HAP1_chr17	HAP2_chr17	HAP1	HAP2	223049	200927	27137	396839	0.931617
17	5250001	5500000	HAP1_chr17	HAP3_chr17	HAP1	HAP3	223049	233976	26590	430435	0.938225
17	5250001	5500000	HAP1_chr17	HAP4_chr17	HAP1	HAP4	223049	214434	147171	290312	0.493059
17	5250001	5500000	HAP2_chr17	HAP3_chr17	HAP2	HAP3	200927	233976	96792	338111	0.713727
17	5250001	5500000	HAP2_chr17	HAP4_chr17	HAP2	HAP4	200927	214434	27046	388315	0.930350
17	5250001	5500000	HAP3_chr17	HAP4_chr17	HAP3	HAP4	233976	214434	35409	413001	0.914264
17	5500001	5750000	HAP1_chr17	HAP2_chr17	HAP1	HAP2	228309	161637	13477	376469	0.964202
17	5500001	5750000	HAP1_chr17	HAP3_chr17	HAP1	HAP3	228309	208077	27512	408874	0.932713
17	5500001	5750000	HAP1_chr17	HAP4_chr17	HAP1	HAP4	228309	234788	90629	372468	0.756680
17	5500001	5750000	HAP2_chr17	HAP3_chr17	HAP2	HAP3	161637	208077	78554	291160	0.730203
17	5500001	5750000	HAP2_chr17	HAP4_chr17	HAP2	HAP4	161637	234788	7700	388725	0.980192
17	5500001	5750000	HAP3_chr17	HAP4_chr17	HAP3	HAP4	208077	234788	9896	432969	0.977144
17	5750001	6000000	HAP1_chr17	HAP2_chr17	HAP1	HAP2	191041	112104	11586	291559	0.960262
17	5750001	6000000	HAP1_chr17	HAP3_chr17	HAP1	HAP3	191041	98583	6395	283229	0.977421
17	5750001	6000000	HAP1_chr17	HAP4_chr17	HAP1	HAP4	191041	181200	49323	322918	0.847258
17	5750001	6000000	HAP2_chr17	HAP3_chr17	HAP2	HAP3	112104	98583	22021	188666	0.883281
17	5750001	6000000	HAP2_chr17	HAP4_chr17	HAP2	HAP4	112104	181200	13342	279962	0.952344
17	5750001	6000000	HAP3_chr17	HAP4_chr17	HAP3	HAP4	98583	181200	13056	266727	0.951051
17	6000001	6250000	HAP1_chr17	HAP2_chr17	HAP1	HAP2	153109	135306	23410	265005	0.911662
17	6000001	6250000	HAP1_chr17	HAP3_chr17	HAP1	HAP3	153109	223719	11480	365348	0.968578
17	6000001	6250000	HAP1_chr17	HAP4_chr17	HAP1	HAP4	153109	113579	26084	240604	0.891589
17	6000001	6250000	HAP2_chr17	HAP3_chr17	HAP2	HAP3	135306	223719	42611	316414	0.865331
17	6000001	6250000	HAP2_chr17	HAP4_chr17	HAP2	HAP4	135306	113579	29311	219574	0.866510
17	6000001	6250000	HAP3_chr17	HAP4_chr17	HAP3	HAP4	223719	113579	9093	328205	0.972295
17	6250001	6500000	HAP1_chr17	HAP2_chr17	HAP1	HAP2	88031	222485	4483	306033	0.985351
17	6250001	6500000	HAP1_chr17	HAP3_chr17	HAP1	HAP3	88031	219556	8380	299207	0.971993
17	6250001	6500000	HAP1_chr17	HAP4_chr17	HAP1	HAP4	88031	227312	16609	298734	0.944402
17	6250001	6500000	HAP2_chr17	HAP3_chr17	HAP2	HAP3	222485	219556	18066	423975	0.957389
17	6250001	6500000	HAP2_chr17	HAP4_chr17	HAP2	HAP4	222485	227312	97350	352447	0.723788
17	6250001	6500000	HAP3_chr17	HAP4_chr17	HAP3	HAP4	219556	227312	16689	430179	0.961205
17	6500001	6750000	HAP1_chr17	HAP2_chr17	HAP1	HAP2	176235	186048	17251	345032	0.950002
17	6500001	6750000	HAP1_chr17	HAP3_chr17	HAP1	HAP3	176235	220958	7935	389258	0.979615
17	6500001	6750000	HAP1_chr17	HAP4_chr17	HAP1	HAP4	176235	218118	20515	373838	0.945123
17	6500001	6750000	HAP2_chr17	HAP3_chr17	HAP2	HAP3	186048	220958	17792	389214	0.954287
17	6500001	6750000	HAP2_chr17	HAP4_chr17	HAP2	HAP4	186048	218118	63116	341050	0.814936
17	6500001	6750000	HAP3_chr17	HAP4_chr17	HAP3	HAP4	220958	218118	13416	425660	0.968482
17	6750001	7000000	HAP1_chr17	HAP2_chr17	HAP1	HAP2	218964	217954	20737	416181	0.950173
17	6750001	7000000	HAP1_chr17	HAP3_chr17	HAP1	HAP3	218964	178936	12081	385819	0.968687
17	6750001	7000000	HAP1_chr17	HAP4_chr17	HAP1	HAP4	218964	232407	16221	435150	0.962723
17	6750001	7000000	HAP2_chr17	HAP3_chr17	HAP2	HAP3	217954	178936	27892	368998	0.924412
17	6750001	7000000	HAP2_chr17	HAP4_chr17	HAP2	HAP4	217954	232407	13469	436892	0.969171
17	6750001	7000000	HAP3_chr17	HAP4_chr17	HAP3	HAP4	178936	232407	6093	405250	0.984965
17	7000001	7250000	HAP1_chr17	HAP2_chr17	HAP1	HAP2	228126	216454	20764	423816	0.951007
17	7000001	7250000	HAP1_chr17	HAP3_chr17	HAP1	HAP3	228126	209199	15265	422060	0.963832
17	7000001	7250000	HAP1_chr17	HAP4_chr17	HAP1	HAP4	228126	213979	17763	424342	0.958140
17	7000001	7250000	HAP2_chr17	HAP3_chr17	HAP2	HAP3	216454	209199	15908	409745	0.961176
17	7000001	7250000	HAP2_chr17	HAP4_chr17	HAP2	HAP4	216454	213979	23583	406850	0.942035
17	7000001	7250000	HAP3_chr17	HAP4_chr17	HAP3	HAP4	209199	213979	20661	402517	0.948670
17	7250001	7500000	HAP1_chr17	HAP2_chr17	HAP1	HAP2	225832	205654	17380	414106	0.958030
17	7250001	7500000	HAP1_chr17	HAP3_chr17	HAP1	HAP3	225832	233556	19140	440248	0.956525
17	7250001	7500000	HAP1_chr17	HAP4_chr17	HAP1	HAP4	225832	213031	28369	410494	0.930891
17	7250001	7500000	HAP2_chr17	HAP3_chr17	HAP2	HAP3	205654	233556	13134	426076	0.969175
17	7250001	7500000	HAP2_chr17	HAP4_chr17	HAP2	HAP4	205654	213031	13493	405192	0.966700
17	7250001	7500000	HAP3_chr17	HAP4_chr17	HAP3	HAP4	233556	213031	24843	421744	0.941095
17	7500001	7750000	HAP1_chr17	HAP2_chr17	HAP1	HAP2	218722	205952	20277	404397	0.949859
17	7500001	7750000	HAP1_chr17	HAP3_chr17	HAP1	HAP3	218722	202060	22526	398256	0.943438
17	7500001	7750000	HAP1_chr17	HAP4_chr17	HAP1	HAP4	218722	210357	21488	407591	0.947280
17	7500001	7750000	HAP2_chr17	HAP3_chr17	HAP2	HAP3	205952	202060	17993	390019	0.953866
17	7500001	7750000	HAP2_chr17	HAP4_chr17	HAP2	HAP4	205952	210357	12557	403752	0.968899
17	7500001	7750000	HAP3_chr17	HAP4_chr17	HAP3	HAP4	202060	210357	54915	357502	0.846392
17	7750001	8000000	HAP1_chr17	HAP2_chr17	HAP1	HAP2	225197	208779	18130	415846	0.956402
17	7750001	8000000	HAP1_chr17	HAP3_chr17	HAP1	HAP3	225197	212010	21303	415904	0.948779
17	7750001	8000000	HAP1_chr17	HAP4_chr17	HAP1	HAP4	225197	202161	21513	405845	0.946992
17	7750001	8000000	HAP2_chr17	HAP3_chr17	HAP2	HAP3	208779	212010	12615	408174	0.969094
17	7750001	8000000	HAP2_chr17	HAP4_chr17	HAP2	HAP4	208779	202161	14170	396770	0.964287
17	7750001	8000000	HAP3_chr17	HAP4_chr17	HAP3	HAP4	212010	202161	102135	312036	0.672682
17	8000001	8250000	HAP1_chr17	HAP2_chr17	HAP1	HAP2	165155	214073	13010	366218	0.964475
17	8000001	8250000	HAP1_chr17	HAP3_chr17	HAP1	HAP3	165155	215148	21447	358856	0.940235
17	8000001	8250000	HAP1_chr17	HAP4_chr17	HAP1	HAP4	165155	222908	18112	369951	0.951042
17	8000001	8250000	HAP2_chr17	HAP3_chr17	HAP2	HAP3	214073	215148	18693	410528	0.954466
17	8000001	8250000	HAP2_chr17	HAP4_chr17	HAP2	HAP4	214073	222908	11271	425710	0.973524
17	8000001	8250000	HAP3_chr17	HAP4_chr17	HAP3	HAP4	215148	222908	128771	309285	0.583649
17	8250001	8500000	HAP1_chr17	HAP2_chr17	HAP1	HAP2	225846	224921	18156	432611	0.958032
17	8250001	8500000	HAP1_chr17	HAP3_chr17	HAP1	HAP3	225846	202467	20848	407465	0.948835
17	8250001	8500000	HAP1_chr17	HAP4_chr17	HAP1	HAP4	225846	113712	10850	328708	0.966992
17	8250001	8500000	HAP2_chr17	HAP3_chr17	HAP2	HAP3	224921	202467	17884	409504	0.956328
17	8250001	8500000	HAP2_chr17	HAP4_chr17	HAP2	HAP4	224921	113712	9336	329297	0.971649
17	8250001	8500000	HAP3_chr17	HAP4_chr17	HAP3	HAP4	202467	113712	60775	255404	0.762044
17	8500001	8750000	HAP1_chr17	HAP2_chr17	HAP1	HAP2	220223	191330	17183	394370	0.956429
17	8500001	8750000	HAP1_chr17	HAP3_chr17	HAP1	HAP3	220223	221542	11942	429823	0.972216
17	8500001	8750000	HAP1_chr17	HAP4_chr17	HAP1	HAP4	220223	196435	12255	404403	0.969696
17	8500001	8750000	HAP2_chr17	HAP3_chr17	HAP2	HAP3	191330	221542	26397	386475	0.931698
17	8500001	8750000	HAP2_chr17	HAP4_chr17	HAP2	HAP4	191330	196435	19737	368028	0.946371
17	8500001	8750000	HAP3_chr17	HAP4_chr17	HAP3	HAP4	221542	196435	39539	378438	0.895521
17	8750001	9000000	HAP1_chr17	HAP2_chr17	HAP1	HAP2	224757	223672	12219	436210	0.971988
17	8750001	9000000	HAP1_chr17	HAP3_chr17	HAP1	HAP3	224757	224948	12753	436952	0.970814
17	8750001	9000000	HAP1_chr17	HAP4_chr17	HAP1	HAP4	224757	223907	12676	435988	0.970926
17	8750001	9000000	HAP2_chr17	HAP3_chr17	HAP2	HAP3	223672	224948	18982	429638	0.955819
17	8750001	9000000	HAP2_chr17	HAP4_chr17	HAP2	HAP4	223672	223907	18686	428893	0.956432
17	8750001	9000000	HAP3_chr17	HAP4_chr17	HAP3	HAP4	224948	223907	49811	399044	0.875174
17	9000001	9250000	HAP1_chr17	HAP2_chr17	HAP1	HAP2	215603	228191	19357	424437	0.954394
17	9000001	9250000	HAP1_chr17	HAP3_chr17	HAP1	HAP3	215603	151250	14833	352020	0.957863
17	9000001	9250000	HAP1_chr17	HAP4_chr17	HAP1	HAP4	215603	227218	24176	418645	0.942252
17	9000001	9250000	HAP2_chr17	HAP3_chr17	HAP2	HAP3	228191	151250	10024	369417	0.972865
17	9000001	9250000	HAP2_chr17	HAP4_chr17	HAP2	HAP4	228191	227218	13915	441494	0.968482
17	9000001	9250000	HAP3_chr17	HAP4_chr17	HAP3	HAP4	151250	227218	52056	326412	0.840521
17	9250001	9500000	HAP1_chr17	HAP2_chr17	HAP1	HAP2	221606	217746	18095	421257	0.957045
17	9250001	9500000	HAP1_chr17	HAP3_chr17	HAP1	HAP3	221606	212060	21559	412107	0.947686
17	9250001	9500000	HAP1_chr17	HAP4_chr17	HAP1	HAP4	221606	189200	18654	392152	0.952432
17	9250001	9500000	HAP2_chr17	HAP3_chr17	HAP2	HAP3	217746	212060	17462	412344	0.957652
17	9250001	9500000	HAP2_chr17	HAP4_chr17	HAP2	HAP4	217746	189200	18281	388665	0.952965
17	9250001	9500000	HAP3_chr17	HAP4_chr17	HAP3	HAP4	212060	189200	55596	345664	0.839162
17	9500001	9750000	HAP1_chr17	HAP2_chr17	HAP1	HAP2	223470	227035	16001	434504	0.963174
17	9500001	9750000	HAP1_chr17	HAP3_chr17	HAP1	HAP3	223470	209440	26983	405927	0.933527
17	9500001	9750000	HAP1_chr17	HAP4_chr17	HAP1	HAP4	223470	218341	28323	413488	0.931502
17	9500001	9750000	HAP2_chr17	HAP3_chr17	HAP2	HAP3	227035	209440	21759	414716	0.947533
17	9500001	9750000	HAP2_chr17	HAP4_chr17	HAP2	HAP4	227035	218341	16864	428512	0.960645
17	9500001	9750000	HAP3_chr17	HAP4_chr17	HAP3	HAP4	209440	218341	133061	294720	0.548517
17	9750001	10000000	HAP1_chr17	HAP2_chr17	HAP1	HAP2	219686	220760	13853	426593	0.967526
17	9750001	10000000	HAP1_chr17	HAP3_chr17	HAP1	HAP3	219686	210067	17417	412336	0.957760
17	9750001	10000000	HAP1_chr17	HAP4_chr17	HAP1	HAP4	219686	225170	17740	427116	0.958466
17	9750001	10000000	HAP2_chr17	HAP3_chr17	HAP2	HAP3	220760	210067	24683	406144	0.939226
17	9750001	10000000	HAP2_chr17	HAP4_chr17	HAP2	HAP4	220760	225170	21989	423941	0.948132
17	9750001	10000000	HAP3_chr17	HAP4_chr17	HAP3	HAP4	210067	225170	172252	262985	0.345012
17	10000001	10250000	HAP1_chr17	HAP2_chr17	HAP1	HAP2	178096	200671	16550	362217	0.954309
17	10000001	10250000	HAP1_chr17	HAP3_chr17	HAP1	HAP3	178096	216225	11001	383320	0.971301
17	10000001	10250000	HAP1_chr17	HAP4_chr17	HAP1	HAP4	178096	221957	14203	385850	0.963190
17	10000001	10250000	HAP2_chr17	HAP3_chr17	HAP2	HAP3	200671	216225	26194	390702	0.932957
17	10000001	10250000	HAP2_chr17	HAP4_chr17	HAP2	HAP4	200671	221957	18988	403640	0.952958
17	10000001	10250000	HAP3_chr17	HAP4_chr17	HAP3	HAP4	216225	221957	152954	285228	0.463748
17	10250001	10500000	HAP1_chr17	HAP2_chr17	HAP1	HAP2	227741	225042	19035	433748	0.956115
17	10250001	10500000	HAP1_chr17	HAP3_chr17	HAP1	HAP3	227741	224135	16081	435795	0.963100
17	10250001	10500000	HAP1_chr17	HAP4_chr17	HAP1	HAP4	227741	229341	16393	440689	0.962801
17	10250001	10500000	HAP2_chr17	HAP3_chr17	HAP2	HAP3	225042	224135	13754	435423	0.968412
17	10250001	10500000	HAP2_chr17	HAP4_chr17	HAP2	HAP4	225042	229341	13237	441146	0.969994
17	10250001	10500000	HAP3_chr17	HAP4_chr17	HAP3	HAP4	224135	229341	112520	340956	0.669987
17	10500001	10750000	HAP1_chr17	HAP2_chr17	HAP1	HAP2	226559	218535	19131	425963	0.955088
17	10500001	10750000	HAP1_chr17	HAP3_chr17	HAP1	HAP3	226559	237300	11498	452361	0.974582
17	10500001	10750000	HAP1_chr17	HAP4_chr17	HAP1	HAP4	226559	234684	23440	437803	0.946460
17	10500001	10750000	HAP2_chr17	HAP3_chr17	HAP2	HAP3	218535	237300	13832	442003	0.968706
17	10500001	10750000	HAP2_chr17	HAP4_chr17	HAP2	HAP4	218535	234684	16875	436344	0.961326
17	10500001	10750000	HAP3_chr17	HAP4_chr17	HAP3	HAP4	237300	234684	103150	368834	0.720335
17	10750001	11000000	HAP1_chr17	HAP2_chr17	HAP1	HAP2	225589	220771	12511	433849	0.971163
17	10750001	11000000	HAP1_chr17	HAP3_chr17	HAP1	HAP3	225589	229860	20404	435045	0.953099
17	10750001	11000000	HAP1_chr17	HAP4_chr17	HAP1	HAP4	225589	221255	12347	434497	0.971583
17	10750001	11000000	HAP2_chr17	HAP3_chr17	HAP2	HAP3	220771	229860	15224	435407	0.965035
17	10750001	11000000	HAP2_chr17	HAP4_chr17	HAP2	HAP4	220771	221255	18525	423501	0.956257
17	10750001	11000000	HAP3_chr17	HAP4_chr17	HAP3	HAP4	229860	221255	60785	390330	0.844273
17	11000001	11250000	HAP1_chr17	HAP2_chr17	HAP1	HAP2	220222	231843	11001	441064	0.975058
17	11000001	11250000	HAP1_chr17	HAP3_chr17	HAP1	HAP3	220222	217804	8516	429510	0.980173
17	11000001	11250000	HAP1_chr17	HAP4_chr17	HAP1	HAP4	220222	206396	8771	417847	0.979009
17	11000001	11250000	HAP2_chr17	HAP3_chr17	HAP2	HAP3	231843	217804	15279	434368	0.964825
17	11000001	11250000	HAP2_chr17	HAP4_chr17	HAP2	HAP4	231843	206396	10988	427251	0.974282
17	11000001	11250000	HAP3_chr17	HAP4_chr17	HAP3	HAP4	217804	206396	61906	362294	0.829128
17	11250001	11500000	HAP1_chr17	HAP2_chr17	HAP1	HAP2	226533	234332	15020	445845	0.966311
17	11250001	11500000	HAP1_chr17	HAP3_chr17	HAP1	HAP3	226533	221811	10627	437717	0.975722
17	11250001	11500000	HAP1_chr17	HAP4_chr17	HAP1	HAP4	226533	216683	16387	426829	0.961608
17	11250001	11500000	HAP2_chr17	HAP3_chr17	HAP2	HAP3	234332	221811	8940	447203	0.980009
17	11250001	11500000	HAP2_chr17	HAP4_chr17	HAP2	HAP4	234332	216683	30090	420925	0.928515
17	11250001	11500000	HAP3_chr17	HAP4_chr17	HAP3	HAP4	221811	216683	71222	367272	0.806078
17	11500001	11750000	HAP1_chr17	HAP2_chr17	HAP1	HAP2	204220	192034	12299	383955	0.967968
17	11500001	11750000	HAP1_chr17	HAP3_chr17	HAP1	HAP3	204220	236803	7433	433590	0.982857
17	11500001	11750000	HAP1_chr17	HAP4_chr17	HAP1	HAP4	204220	234749	7188	431781	0.983353
17	11500001	11750000	HAP2_chr17	HAP3_chr17	HAP2	HAP3	192034	236803	8761	420076	0.979144
17	11500001	11750000	HAP2_chr17	HAP4_chr17	HAP2	HAP4	192034	234749	6902	419881	0.983562
17	11500001	11750000	HAP3_chr17	HAP4_chr17	HAP3	HAP4	236803	234749	91842	379710	0.758126
17	11750001	12000000	HAP1_chr17	HAP2_chr17	HAP1	HAP2	227590	226163	5419	448334	0.987913
17	11750001	12000000	HAP1_chr17	HAP3_chr17	HAP1	HAP3	227590	239569	11227	455932	0.975376
17	11750001	12000000	HAP1_chr17	HAP4_chr17	HAP1	HAP4	227590	231218	7305	451503	0.983821
17	11750001	12000000	HAP2_chr17	HAP3_chr17	HAP2	HAP3	226163	239569	6282	459450	0.986327
17	11750001	12000000	HAP2_chr17	HAP4_chr17	HAP2	HAP4	226163	231218	4836	452545	0.989314
17	11750001	12000000	HAP3_chr17	HAP4_chr17	HAP3	HAP4	239569	231218	45632	425155	0.892670
17	12000001	12250000	HAP1_chr17	HAP2_chr17	HAP1	HAP2	223064	232147	9886	445325	0.977800
17	12000001	12250000	HAP1_chr17	HAP3_chr17	HAP1	HAP3	223064	230858	9328	444594	0.979019
17	12000001	12250000	HAP1_chr17	HAP4_chr17	HAP1	HAP4	223064	228600	15561	436103	0.964318
17	12000001	12250000	HAP2_chr17	HAP3_chr17	HAP2	HAP3	232147	230858	8122	454883	0.982145
17	12000001	12250000	HAP2_chr17	HAP4_chr17	HAP2	HAP4	232147	228600	12373	448374	0.972405
17	12000001	12250000	HAP3_chr17	HAP4_chr17	HAP3	HAP4	230858	228600	24587	434871	0.943461
17	12250001	12500000	HAP1_chr17	HAP2_chr17	HAP1	HAP2	193026	222681	13500	402207	0.966435
17	12250001	12500000	HAP1_chr17	HAP3_chr17	HAP1	HAP3	193026	220785	5081	408730	0.987569
17	12250001	12500000	HAP1_chr17	HAP4_chr17	HAP1	HAP4	193026	240567	2325	431268	0.994609
17	12250001	12500000	HAP2_chr17	HAP3_chr17	HAP2	HAP3	222681	220785	3776	439690	0.991412
17	12250001	12500000	HAP2_chr17	HAP4_chr17	HAP2	HAP4	222681	240567	3216	460032	0.993009
17	12250001	12500000	HAP3_chr17	HAP4_chr17	HAP3	HAP4	220785	240567	14700	446652	0.967088
17	12500001	12750000	HAP1_chr17	HAP2_chr17	HAP1	HAP2	232720	233548	5742	460526	0.987532
17	12500001	12750000	HAP1_chr17	HAP3_chr17	HAP1	HAP3	232720	234251	6917	460054	0.984965
17	12500001	12750000	HAP1_chr17	HAP4_chr17	HAP1	HAP4	232720	237625	3927	466418	0.991581
17	12500001	12750000	HAP2_chr17	HAP3_chr17	HAP2	HAP3	233548	234251	8482	459317	0.981533
17	12500001	12750000	HAP2_chr17	HAP4_chr17	HAP2	HAP4	233548	237625	9186	461987	0.980116
17	12500001	12750000	HAP3_chr17	HAP4_chr17	HAP3	HAP4	234251	237625	29423	442453	0.933500
17	12750001	13000000	HAP1_chr17	HAP2_chr17	HAP1	HAP2	226932	239311	4301	461942	0.990689
17	12750001	13000000	HAP1_chr17	HAP3_chr17	HAP1	HAP3	226932	231655	10896	447691	0.975662
17	12750001	13000000	HAP1_chr17	HAP4_chr17	HAP1	HAP4	226932	230500	13705	443727	0.969114
17	12750001	13000000	HAP2_chr17	HAP3_chr17	HAP2	HAP3	239311	231655	5954	465012	0.987196
17	12750001	13000000	HAP2_chr17	HAP4_chr17	HAP2	HAP4	239311	230500	4930	464881	0.989395
17	12750001	13000000	HAP3_chr17	HAP4_chr17	HAP3	HAP4	231655	230500	8869	453286	0.980434
17	13000001	13250000	HAP1_chr17	HAP2_chr17	HAP1	HAP2	238044	234322	8289	464077	0.982139
17	13000001	13250000	HAP1_chr17	HAP3_chr17	HAP1	HAP3	238044	227789	7858	457975	0.982842
17	13000001	13250000	HAP1_chr17	HAP4_chr17	HAP1	HAP4	238044	228579	7068	459555	0.984620
17	13000001	13250000	HAP2_chr17	HAP3_chr17	HAP2	HAP3	234322	227789	4109	458002	0.991028
17	13000001	13250000	HAP2_chr17	HAP4_chr17	HAP2	HAP4	234322	228579	5321	457580	0.988371
17	13000001	13250000	HAP3_chr17	HAP4_chr17	HAP3	HAP4	227789	228579	35392	420976	0.915929
17	13250001	13500000	HAP1_chr17	HAP2_chr17	HAP1	HAP2	240145	235644	3515	472274	0.992557
17	13250001	13500000	HAP1_chr17	HAP3_chr17	HAP1	HAP3	240145	228907	4274	464778	0.990804
17	13250001	13500000	HAP1_chr17	HAP4_chr17	HAP1	HAP4	240145	219565	4724	454986	0.989617
17	13250001	13500000	HAP2_chr17	HAP3_chr17	HAP2	HAP3	235644	228907	14960	449591	0.966725
17	13250001	13500000	HAP2_chr17	HAP4_chr17	HAP2	HAP4	235644	219565	10376	444833	0.976674
17	13250001	13500000	HAP3_chr17	HAP4_chr17	HAP3	HAP4	228907	219565	26281	422191	0.937751
17	13500001	13750000	HAP1_chr17	HAP2_chr17	HAP1	HAP2	230209	232767	11945	451031	0.973516
17	13500001	13750000	HAP1_chr17	HAP3_chr17	HAP1	HAP3	230209	220300	11772	438737	0.973168
17	13500001	13750000	HAP1_chr17	HAP4_chr17	HAP1	HAP4	230209	206087	5952	430344	0.986169
17	13500001	13750000	HAP2_chr17	HAP3_chr17	HAP2	HAP3	232767	220300	17155	435912	0.960646
17	13500001	13750000	HAP2_chr17	HAP4_chr17	HAP2	HAP4	232767	206087	7142	431712	0.983457
17	13500001	13750000	HAP3_chr17	HAP4_chr17	HAP3	HAP4	220300	206087	13465	412922	0.967391
17	13750001	14000000	HAP1_chr17	HAP2_chr17	HAP1	HAP2	217359	231709	12679	436389	0.970946
17	13750001	14000000	HAP1_chr17	HAP3_chr17	HAP1	HAP3	217359	216097	17547	415909	0.957810
17	13750001	14000000	HAP1_chr17	HAP4_chr17	HAP1	HAP4	217359	227267	12900	431726	0.970120
17	13750001	14000000	HAP2_chr17	HAP3_chr17	HAP2	HAP3	231709	216097	17495	430311	0.959343
17	13750001	14000000	HAP2_chr17	HAP4_chr17	HAP2	HAP4	231709	227267	7681	451295	0.982980
17	13750001	14000000	HAP3_chr17	HAP4_chr17	HAP3	HAP4	216097	227267	9938	433426	0.977071
17	14000001	14250000	HAP1_chr17	HAP2_chr17	HAP1	HAP2	226049	185264	20283	391030	0.948129
17	14000001	14250000	HAP1_chr17	HAP3_chr17	HAP1	HAP3	226049	230033	10983	445099	0.975325
17	14000001	14250000	HAP1_chr17	HAP4_chr17	HAP1	HAP4	226049	210065	11623	424491	0.972619
17	14000001	14250000	HAP2_chr17	HAP3_chr17	HAP2	HAP3	185264	230033	9109	406188	0.977574
17	14000001	14250000	HAP2_chr17	HAP4_chr17	HAP2	HAP4	185264	210065	7439	387890	0.980822
17	14000001	14250000	HAP3_chr17	HAP4_chr17	HAP3	HAP4	230033	210065	5679	434419	0.986927
17	14250001	14500000	HAP1_chr17	HAP2_chr17	HAP1	HAP2	237753	216382	10361	443774	0.976653
17	14250001	14500000	HAP1_chr17	HAP3_chr17	HAP1	HAP3	237753	237402	4244	470911	0.990988
17	14250001	14500000	HAP1_chr17	HAP4_chr17	HAP1	HAP4	237753	217908	8392	447269	0.981237
17	14250001	14500000	HAP2_chr17	HAP3_chr17	HAP2	HAP3	216382	237402	4436	449348	0.990128
17	14250001	14500000	HAP2_chr17	HAP4_chr17	HAP2	HAP4	216382	217908	13105	421185	0.968885
17	14250001	14500000	HAP3_chr17	HAP4_chr17	HAP3	HAP4	237402	217908	8145	447165	0.981785
17	14500001	14750000	HAP1_chr17	HAP2_chr17	HAP1	HAP2	225403	216189	10253	431339	0.976230
17	14500001	14750000	HAP1_chr17	HAP3_chr17	HAP1	HAP3	225403	233592	22557	436438	0.948316
17	14500001	14750000	HAP1_chr17	HAP4_chr17	HAP1	HAP4	225403	178730	14726	389407	0.962184
17	14500001	14750000	HAP2_chr17	HAP3_chr17	HAP2	HAP3	216189	233592	6251	443530	0.985906
17	14500001	14750000	HAP2_chr17	HAP4_chr17	HAP2	HAP4	216189	178730	4094	390825	0.989525
17	14500001	14750000	HAP3_chr17	HAP4_chr17	HAP3	HAP4	233592	178730	11633	400689	0.970968
17	14750001	15000000	HAP1_chr17	HAP2_chr17	HAP1	HAP2	231339	212436	8015	435760	0.981607
17	14750001	15000000	HAP1_chr17	HAP3_chr17	HAP1	HAP3	231339	223963	12504	442798	0.971761
17	14750001	15000000	HAP1_chr17	HAP4_chr17	HAP1	HAP4	231339	227766	6522	452583	0.985589
17	14750001	15000000	HAP2_chr17	HAP3_chr17	HAP2	HAP3	212436	223963	12665	423734	0.970111
17	14750001	15000000	HAP2_chr17	HAP4_chr17	HAP2	HAP4	212436	227766	15792	424410	0.962791
17	14750001	15000000	HAP3_chr17	HAP4_chr17	HAP3	HAP4	223963	227766	8632	443097	0.980519
17	15000001	15250000	HAP1_chr17	HAP2_chr17	HAP1	HAP2	194696	230680	8836	416540	0.978787
17	15000001	15250000	HAP1_chr17	HAP3_chr17	HAP1	HAP3	194696	228122	9111	413707	0.977977
17	15000001	15250000	HAP1_chr17	HAP4_chr17	HAP1	HAP4	194696	238309	14027	418978	0.966521
17	15000001	15250000	HAP2_chr17	HAP3_chr17	HAP2	HAP3	230680	228122	6280	452522	0.986122
17	15000001	15250000	HAP2_chr17	HAP4_chr17	HAP2	HAP4	230680	238309	7613	461376	0.983499
17	15000001	15250000	HAP3_chr17	HAP4_chr17	HAP3	HAP4	228122	238309	10888	455543	0.976099
17	15250001	15500000	HAP1_chr17	HAP2_chr17	HAP1	HAP2	216022	211724	21608	406138	0.946796
17	15250001	15500000	HAP1_chr17	HAP3_chr17	HAP1	HAP3	216022	218798	11338	423482	0.973227
17	15250001	15500000	HAP1_chr17	HAP4_chr17	HAP1	HAP4	216022	226760	10619	432163	0.975428
17	15250001	15500000	HAP2_chr17	HAP3_chr17	HAP2	HAP3	211724	218798	4961	425561	0.988342
17	15250001	15500000	HAP2_chr17	HAP4_chr17	HAP2	HAP4	211724	226760	9421	429063	0.978043
17	15250001	15500000	HAP3_chr17	HAP4_chr17	HAP3	HAP4	218798	226760	4582	440976	0.989609
17	15500001	15750000	HAP1_chr17	HAP2_chr17	HAP1	HAP2	230518	220041	11322	439237	0.974223
17	15500001	15750000	HAP1_chr17	HAP3_chr17	HAP1	HAP3	230518	228999	12917	446600	0.971077
17	15500001	15750000	HAP1_chr17	HAP4_chr17	HAP1	HAP4	230518	211942	14092	428368	0.967103
17	15500001	15750000	HAP2_chr17	HAP3_chr17	HAP2	HAP3	220041	228999	11649	437391	0.973367
17	15500001	15750000	HAP2_chr17	HAP4_chr17	HAP2	HAP4	220041	211942	11535	420448	0.972565
17	15500001	15750000	HAP3_chr17	HAP4_chr17	HAP3	HAP4	228999	211942	11911	429030	0.972237
17	15750001	16000000	HAP1_chr17	HAP2_chr17	HAP1	HAP2	191132	232603	10029	413706	0.975758
17	15750001	16000000	HAP1_chr17	HAP3_chr17	HAP1	HAP3	191132	196637	11150	376619	0.970394
17	15750001	16000000	HAP1_chr17	HAP4_chr17	HAP1	HAP4	191132	230165	6522	414775	0.984276
17	15750001	16000000	HAP2_chr17	HAP3_chr17	HAP2	HAP3	232603	196637	16027	413213	0.961214
17	15750001	16000000	HAP2_chr17	HAP4_chr17	HAP2	HAP4	232603	230165	6193	456575	0.986436
17	15750001	16000000	HAP3_chr17	HAP4_chr17	HAP3	HAP4	196637	230165	6318	420484	0.984974
17	16000001	16250000	HAP1_chr17	HAP2_chr17	HAP1	HAP2	234723	230360	12101	452982	0.973286
17	16000001	16250000	HAP1_chr17	HAP3_chr17	HAP1	HAP3	234723	236351	5803	465271	0.987528
17	16000001	16250000	HAP1_chr17	HAP4_chr17	HAP1	HAP4	234723	234448	5687	463484	0.987730
17	16000001	16250000	HAP2_chr17	HAP3_chr17	HAP2	HAP3	230360	236351	5920	460791	0.987153
17	16000001	16250000	HAP2_chr17	HAP4_chr17	HAP2	HAP4	230360	234448	10257	454551	0.977435
17	16000001	16250000	HAP3_chr17	HAP4_chr17	HAP3	HAP4	236351	234448	5502	465297	0.988175
17	16250001	16500000	HAP1_chr17	HAP2_chr17	HAP1	HAP2	232980	232803	9501	456282	0.979177
17	16250001	16500000	HAP1_chr17	HAP3_chr17	HAP1	HAP3	232980	239593	5063	467510	0.989170
17	16250001	16500000	HAP1_chr17	HAP4_chr17	HAP1	HAP4	232980	235442	6771	461651	0.985333
17	16250001	16500000	HAP2_chr17	HAP3_chr17	HAP2	HAP3	232803	239593	9328	463068	0.979856
17	16250001	16500000	HAP2_chr17	HAP4_chr17	HAP2	HAP4	232803	235442	3875	464370	0.991655
17	16250001	16500000	HAP3_chr17	HAP4_chr17	HAP3	HAP4	239593	235442	5092	469943	0.989165
17	16500001	16750000	HAP1_chr17	HAP2_chr17	HAP1	HAP2	216195	216038	17177	415056	0.958615
17	16500001	16750000	HAP1_chr17	HAP3_chr17	HAP1	HAP3	216195	236182	5352	447025	0.988028
17	16500001	16750000	HAP1_chr17	HAP4_chr17	HAP1	HAP4	216195	229775	13819	432151	0.968023
17	16500001	16750000	HAP2_chr17	HAP3_chr17	HAP2	HAP3	216038	236182	6273	445947	0.985933
17	16500001	16750000	HAP2_chr17	HAP4_chr17	HAP2	HAP4	216038	229775	14180	431633	0.967148
17	16500001	16750000	HAP3_chr17	HAP4_chr17	HAP3	HAP4	236182	229775	6002	459955	0.986951
17	16750001	17000000	HAP1_chr17	HAP2_chr17	HAP1	HAP2	231723	224518	10353	445888	0.976781
17	16750001	17000000	HAP1_chr17	HAP3_chr17	HAP1	HAP3	231723	220136	3429	448430	0.992353
17	16750001	17000000	HAP1_chr17	HAP4_chr17	HAP1	HAP4	231723	234476	2880	463319	0.993784
17	16750001	17000000	HAP2_chr17	HAP3_chr17	HAP2	HAP3	224518	220136	3134	441520	0.992902
17	16750001	17000000	HAP2_chr17	HAP4_chr17	HAP2	HAP4	224518	234476	7924	451070	0.982433
17	16750001	17000000	HAP3_chr17	HAP4_chr17	HAP3	HAP4	220136	234476	4697	449915	0.989560
17	17000001	17250000	HAP1_chr17	HAP2_chr17	HAP1	HAP2	218393	241685	2846	457232	0.993776
17	17000001	17250000	HAP1_chr17	HAP3_chr17	HAP1	HAP3	218393	229783	13945	434231	0.967886
17	17000001	17250000	HAP1_chr17	HAP4_chr17	HAP1	HAP4	218393	238313	4754	451952	0.989481
17	17000001	17250000	HAP2_chr17	HAP3_chr17	HAP2	HAP3	241685	229783	3301	468167	0.992949
17	17000001	17250000	HAP2_chr17	HAP4_chr17	HAP2	HAP4	241685	238313	3605	476393	0.992433
17	17000001	17250000	HAP3_chr17	HAP4_chr17	HAP3	HAP4	229783	238313	3478	464618	0.992514
17	17250001	17500000	HAP1_chr17	HAP2_chr17	HAP1	HAP2	227303	228878	7388	448793	0.983538
17	17250001	17500000	HAP1_chr17	HAP3_chr17	HAP1	HAP3	227303	227651	6435	448519	0.985653
17	17250001	17500000	HAP1_chr17	HAP4_chr17	HAP1	HAP4	227303	232587	7133	452757	0.984245
17	17250001	17500000	HAP2_chr17	HAP3_chr17	HAP2	HAP3	228878	227651	12700	443829	0.971385
17	17250001	17500000	HAP2_chr17	HAP4_chr17	HAP2	HAP4	228878	232587	4257	457208	0.990689
17	17250001	17500000	HAP3_chr17	HAP4_chr17	HAP3	HAP4	227651	232587	3053	457185	0.993322
17	17500001	17750000	HAP1_chr17	HAP2_chr17	HAP1	HAP2	239312	236839	3676	472475	0.992220
17	17500001	17750000	HAP1_chr17	HAP3_chr17	HAP1	HAP3	239312	229720	6174	462858	0.986661
17	17500001	17750000	HAP1_chr17	HAP4_chr17	HAP1	HAP4	239312	235034	3365	470981	0.992855
17	17500001	17750000	HAP2_chr17	HAP3_chr17	HAP2	HAP3	236839	229720	5884	460675	0.987227
17	17500001	17750000	HAP2_chr17	HAP4_chr17	HAP2	HAP4	236839	235034	6637	465236	0.985734
17	17500001	17750000	HAP3_chr17	HAP4_chr17	HAP3	HAP4	229720	235034	4681	460073	0.989826
17	17750001	18000000	HAP1_chr17	HAP2_chr17	HAP1	HAP2	228379	184374	9173	403580	0.977271
17	17750001	18000000	HAP1_chr17	HAP3_chr17	HAP1	HAP3	228379	225572	7344	446607	0.983556
17	17750001	18000000	HAP1_chr17	HAP4_chr17	HAP1	HAP4	228379	235727	7489	456617	0.983599
17	17750001	18000000	HAP2_chr17	HAP3_chr17	HAP2	HAP3	184374	225572	13000	396946	0.967250
17	17750001	18000000	HAP2_chr17	HAP4_chr17	HAP2	HAP4	184374	235727	1691	418410	0.995959
17	17750001	18000000	HAP3_chr17	HAP4_chr17	HAP3	HAP4	225572	235727	7113	454186	0.984339
17	18000001	18250000	HAP1_chr17	HAP2_chr17	HAP1	HAP2	217360	102877	71186	249051	0.714171
17	18000001	18250000	HAP1_chr17	HAP3_chr17	HAP1	HAP3	217360	237724	5683	449401	0.987354
17	18000001	18250000	HAP1_chr17	HAP4_chr17	HAP1	HAP4	217360	200400	3297	414463	0.992045
17	18000001	18250000	HAP2_chr17	HAP3_chr17	HAP2	HAP3	102877	237724	5636	334965	0.983174
17	18000001	18250000	HAP2_chr17	HAP4_chr17	HAP2	HAP4	102877	200400	1055	302222	0.996509
17	18000001	18250000	HAP3_chr17	HAP4_chr17	HAP3	HAP4	237724	200400	3538	434586	0.991859
17	18250001	18500000	HAP1_chr17	HAP2_chr17	HAP1	HAP2	235396	222603	55230	402769	0.862874
17	18250001	18500000	HAP1_chr17	HAP3_chr17	HAP1	HAP3	235396	228675	4136	459935	0.991007
17	18250001	18500000	HAP1_chr17	HAP4_chr17	HAP1	HAP4	235396	236014	4255	467155	0.990892
17	18250001	18500000	HAP2_chr17	HAP3_chr17	HAP2	HAP3	222603	228675	7274	444004	0.983617
17	18250001	18500000	HAP2_chr17	HAP4_chr17	HAP2	HAP4	222603	236014	4566	454051	0.989944
17	18250001	18500000	HAP3_chr17	HAP4_chr17	HAP3	HAP4	228675	236014	7244	457445	0.984164
17	18500001	18750000	HAP1_chr17	HAP2_chr17	HAP1	HAP2	237989	239521	106707	370803	0.712227
17	18500001	18750000	HAP1_chr17	HAP3_chr17	HAP1	HAP3	237989	238028	4102	471915	0.991308
17	18500001	18750000	HAP1_chr17	HAP4_chr17	HAP1	HAP4	237989	236728	5223	469494	0.988875
17	18500001	18750000	HAP2_chr17	HAP3_chr17	HAP2	HAP3	239521	238028	3583	473966	0.992440
17	18500001	18750000	HAP2_chr17	HAP4_chr17	HAP2	HAP4	239521	236728	7642	468607	0.983692
17	18500001	18750000	HAP3_chr17	HAP4_chr17	HAP3	HAP4	238028	236728	4900	469856	0.989571
17	18750001	19000000	HAP1_chr17	HAP2_chr17	HAP1	HAP2	227817	233802	59419	402200	0.852265
17	18750001	19000000	HAP1_chr17	HAP3_chr17	HAP1	HAP3	227817	240170	3255	464732	0.992996
17	18750001	19000000	HAP1_chr17	HAP4_chr17	HAP1	HAP4	227817	235202	4492	458527	0.990203
17	18750001	19000000	HAP2_chr17	HAP3_chr17	HAP2	HAP3	233802	240170	3145	470827	0.993320
17	18750001	19000000	HAP2_chr17	HAP4_chr17	HAP2	HAP4	233802	235202	4499	464505	0.990314
17	18750001	19000000	HAP3_chr17	HAP4_chr17	HAP3	HAP4	240170	235202	5130	470242	0.989091
17	19000001	19250000	HAP1_chr17	HAP2_chr17	HAP1	HAP2	228446	239287	97584	370149	0.736366
17	19000001	19250000	HAP1_chr17	HAP3_chr17	HAP1	HAP3	228446	214192	3944	438694	0.991010
17	19000001	19250000	HAP1_chr17	HAP4_chr17	HAP1	HAP4	228446	236968	5187	460227	0.988729
17	19000001	19250000	HAP2_chr17	HAP3_chr17	HAP2	HAP3	239287	214192	5083	448396	0.988664
17	19000001	19250000	HAP2_chr17	HAP4_chr17	HAP2	HAP4	239287	236968	3514	472741	0.992567
17	19000001	19250000	HAP3_chr17	HAP4_chr17	HAP3	HAP4	214192	236968	8343	442817	0.981159
17	19250001	19500000	HAP1_chr17	HAP2_chr17	HAP1	HAP2	235049	226970	105323	356696	0.704726
17	19250001	19500000	HAP1_chr17	HAP3_chr17	HAP1	HAP3	235049	225363	5609	454803	0.987667
17	19250001	19500000	HAP1_chr17	HAP4_chr17	HAP1	HAP4	235049	205661	6930	433780	0.984024
17	19250001	19500000	HAP2_chr17	HAP3_chr17	HAP2	HAP3	226970	225363	18462	433871	0.957448
17	19250001	19500000	HAP2_chr17	HAP4_chr17	HAP2	HAP4	226970	205661	14496	418135	0.965332
17	19250001	19500000	HAP3_chr17	HAP4_chr17	HAP3	HAP4	225363	205661	13290	417734	0.968185
17	19500001	19750000	HAP1_chr17	HAP2_chr17	HAP1	HAP2	239890	235811	83972	391729	0.785638
17	19500001	19750000	HAP1_chr17	HAP3_chr17	HAP1	HAP3	239890	236883	8407	468366	0.982050
17	19500001	19750000	HAP1_chr17	HAP4_chr17	HAP1	HAP4	239890	232449	4171	468168	0.991091
17	19500001	19750000	HAP2_chr17	HAP3_chr17	HAP2	HAP3	235811	236883	8060	464634	0.982653
17	19500001	19750000	HAP2_chr17	HAP4_chr17	HAP2	HAP4	235811	232449	5137	463123	0.988908
17	19500001	19750000	HAP3_chr17	HAP4_chr17	HAP3	HAP4	236883	232449	4837	464495	0.989587
17	19750001	20000000	HAP1_chr17	HAP2_chr17	HAP1	HAP2	229525	228563	72308	385780	0.812567
17	19750001	20000000	HAP1_chr17	HAP3_chr17	HAP1	HAP3	229525	236835	5268	461092	0.988575
17	19750001	20000000	HAP1_chr17	HAP4_chr17	HAP1	HAP4	229525	239658	4172	465011	0.991028
17	19750001	20000000	HAP2_chr17	HAP3_chr17	HAP2	HAP3	228563	236835	8220	457178	0.982020
17	19750001	20000000	HAP2_chr17	HAP4_chr17	HAP2	HAP4	228563	239658	5367	462854	0.988405
17	19750001	20000000	HAP3_chr17	HAP4_chr17	HAP3	HAP4	236835	239658	4516	471977	0.990432
17	20000001	20250000	HAP1_chr17	HAP2_chr17	HAP1	HAP2	212974	239107	31625	420456	0.924784
17	20000001	20250000	HAP1_chr17	HAP3_chr17	HAP1	HAP3	212974	241809	3668	451115	0.991869
17	20000001	20250000	HAP1_chr17	HAP4_chr17	HAP1	HAP4	212974	135020	2748	345246	0.992040
17	20000001	20250000	HAP2_chr17	HAP3_chr17	HAP2	HAP3	239107	241809	4450	476466	0.990660
17	20000001	20250000	HAP2_chr17	HAP4_chr17	HAP2	HAP4	239107	135020	3117	371010	0.991599
17	20000001	20250000	HAP3_chr17	HAP4_chr17	HAP3	HAP4	241809	135020	2951	373878	0.992107
17	20250001	20500000	HAP1_chr17	HAP2_chr17	HAP1	HAP2	236625	229125	78031	387719	0.798743
17	20250001	20500000	HAP1_chr17	HAP3_chr17	HAP1	HAP3	236625	237671	4998	469298	0.989350
17	20250001	20500000	HAP1_chr17	HAP4_chr17	HAP1	HAP4	236625	229919	5070	461474	0.989013
17	20250001	20500000	HAP2_chr17	HAP3_chr17	HAP2	HAP3	229125	237671	6418	460378	0.986059
17	20250001	20500000	HAP2_chr17	HAP4_chr17	HAP2	HAP4	229125	229919	4166	454878	0.990842
17	20250001	20500000	HAP3_chr17	HAP4_chr17	HAP3	HAP4	237671	229919	6064	461526	0.986861
17	20500001	20750000	HAP1_chr17	HAP2_chr17	HAP1	HAP2	212356	212697	84741	340312	0.750990
17	20500001	20750000	HAP1_chr17	HAP3_chr17	HAP1	HAP3	212356	210608	3593	419371	0.991432
17	20500001	20750000	HAP1_chr17	HAP4_chr17	HAP1	HAP4	212356	234716	4896	442176	0.988927
17	20500001	20750000	HAP2_chr17	HAP3_chr17	HAP2	HAP3	212697	210608	7483	415822	0.982004
17	20500001	20750000	HAP2_chr17	HAP4_chr17	HAP2	HAP4	212697	234716	6011	441402	0.986382
17	20500001	20750000	HAP3_chr17	HAP4_chr17	HAP3	HAP4	210608	234716	7340	437984	0.983241
17	20750001	21000000	HAP1_chr17	HAP2_chr17	HAP1	HAP2	217587	219775	91285	346077	0.736229
17	20750001	21000000	HAP1_chr17	HAP3_chr17	HAP1	HAP3	217587	220732	4175	434144	0.990383
17	20750001	21000000	HAP1_chr17	HAP4_chr17	HAP1	HAP4	217587	231687	5756	443518	0.987022
17	20750001	21000000	HAP2_chr17	HAP3_chr17	HAP2	HAP3	219775	220732	4124	436383	0.990550
17	20750001	21000000	HAP2_chr17	HAP4_chr17	HAP2	HAP4	219775	231687	5277	446185	0.988173
17	20750001	21000000	HAP3_chr17	HAP4_chr17	HAP3	HAP4	220732	231687	5258	447161	0.988241
17	21000001	21250000	HAP1_chr17	HAP2_chr17	HAP1	HAP2	235804	241120	123275	353649	0.651420
17	21000001	21250000	HAP1_chr17	HAP3_chr17	HAP1	HAP3	235804	236693	5781	466716	0.987613
17	21000001	21250000	HAP1_chr17	HAP4_chr17	HAP1	HAP4	235804	230516	5065	461255	0.989019
17	21000001	21250000	HAP2_chr17	HAP3_chr17	HAP2	HAP3	241120	236693	5026	472787	0.989369
17	21000001	21250000	HAP2_chr17	HAP4_chr17	HAP2	HAP4	241120	230516	5215	466421	0.988819
17	21000001	21250000	HAP3_chr17	HAP4_chr17	HAP3	HAP4	236693	230516	6219	460990	0.986509
17	21250001	21500000	HAP1_chr17	HAP2_chr17	HAP1	HAP2	191953	231196	78193	344956	0.773325
17	21250001	21500000	HAP1_chr17	HAP3_chr17	HAP1	HAP3	191953	238739	3407	427285	0.992026
17	21250001	21500000	HAP1_chr17	HAP4_chr17	HAP1	HAP4	191953	237693	3977	425669	0.990657
17	21250001	21500000	HAP2_chr17	HAP3_chr17	HAP2	HAP3	231196	238739	5106	464829	0.989015
17	21250001	21500000	HAP2_chr17	HAP4_chr17	HAP2	HAP4	231196	237693	4698	464191	0.989879
17	21250001	21500000	HAP3_chr17	HAP4_chr17	HAP3	HAP4	238739	237693	4950	471482	0.989501
17	21500001	21750000	HAP1_chr17	HAP2_chr17	HAP1	HAP2	240079	235556	104139	371496	0.719677
17	21500001	21750000	HAP1_chr17	HAP3_chr17	HAP1	HAP3	240079	240692	5856	474915	0.987669
17	21500001	21750000	HAP1_chr17	HAP4_chr17	HAP1	HAP4	240079	212515	4011	448583	0.991059
17	21500001	21750000	HAP2_chr17	HAP3_chr17	HAP2	HAP3	235556	240692	5270	470978	0.988811
17	21500001	21750000	HAP2_chr17	HAP4_chr17	HAP2	HAP4	235556	212515	6126	441945	0.986139
17	21500001	21750000	HAP3_chr17	HAP4_chr17	HAP3	HAP4	240692	212515	3809	449398	0.991524
17	21750001	22000000	HAP1_chr17	HAP2_chr17	HAP1	HAP2	226260	239457	75128	390589	0.807655
17	21750001	22000000	HAP1_chr17	HAP3_chr17	HAP1	HAP3	226260	222325	6583	442002	0.985106
17	21750001	22000000	HAP1_chr17	HAP4_chr17	HAP1	HAP4	226260	236076	7453	454883	0.983616
17	21750001	22000000	HAP2_chr17	HAP3_chr17	HAP2	HAP3	239457	222325	5215	456567	0.988578
17	21750001	22000000	HAP2_chr17	HAP4_chr17	HAP2	HAP4	239457	236076	5785	469748	0.987685
17	21750001	22000000	HAP3_chr17	HAP4_chr17	HAP3	HAP4	222325	236076	4707	453694	0.989625
17	22000001	22250000	HAP1_chr17	HAP2_chr17	HAP1	HAP2	241154	238865	63170	416849	0.848458
17	22000001	22250000	HAP1_chr17	HAP3_chr17	HAP1	HAP3	241154	222524	4266	459412	0.990714
17	22000001	22250000	HAP1_chr17	HAP4_chr17	HAP1	HAP4	241154	240495	4701	476948	0.990144
17	22000001	22250000	HAP2_chr17	HAP3_chr17	HAP2	HAP3	238865	222524	4705	456684	0.989697
17	22000001	22250000	HAP2_chr17	HAP4_chr17	HAP2	HAP4	238865	240495	5006	474354	0.989447
17	22000001	22250000	HAP3_chr17	HAP4_chr17	HAP3	HAP4	222524	240495	3592	459427	0.992182
17	22250001	22500000	HAP1_chr17	HAP2_chr17	HAP1	HAP2	238439	238532	58968	418003	0.858929
17	22250001	22500000	HAP1_chr17	HAP3_chr17	HAP1	HAP3	238439	241281	4365	475355	0.990817
17	22250001	22500000	HAP1_chr17	HAP4_chr17	HAP1	HAP4	238439	237706	3920	472225	0.991699
17	22250001	22500000	HAP2_chr17	HAP3_chr17	HAP2	HAP3	238532	241281	4572	475241	0.990380
17	22250001	22500000	HAP2_chr17	HAP4_chr17	HAP2	HAP4	238532	237706	3726	472512	0.992114
17	22250001	22500000	HAP3_chr17	HAP4_chr17	HAP3	HAP4	241281	237706	4225	474762	0.991101
17	22500001	22750000	HAP1_chr17	HAP2_chr17	HAP1	HAP2	231504	233419	56117	408806	0.862730
17	22500001	22750000	HAP1_chr17	HAP3_chr17	HAP1	HAP3	231504	232436	4641	459299	0.989895
17	22500001	22750000	HAP1_chr17	HAP4_chr17	HAP1	HAP4	231504	222742	5390	448856	0.987992
17	22500001	22750000	HAP2_chr17	HAP3_chr17	HAP2	HAP3	233419	232436	5017	460838	0.989113
17	22500001	22750000	HAP2_chr17	HAP4_chr17	HAP2	HAP4	233419	222742	5271	450890	0.988310
17	22500001	22750000	HAP3_chr17	HAP4_chr17	HAP3	HAP4	232436	222742	3868	451310	0.991429
17	22750001	23000000	HAP1_chr17	HAP2_chr17	HAP1	HAP2	228145	228270	102963	353452	0.708693
17	22750001	23000000	HAP1_chr17	HAP3_chr17	HAP1	HAP3	228145	229467	4261	453351	0.990601
17	22750001	23000000	HAP1_chr17	HAP4_chr17	HAP1	HAP4	228145	223463	4373	447235	0.990222
17	22750001	23000000	HAP2_chr17	HAP3_chr17	HAP2	HAP3	228270	229467	8002	449735	0.982207
17	22750001	23000000	HAP2_chr17	HAP4_chr17	HAP2	HAP4	228270	223463	4657	447076	0.989583
17	22750001	23000000	HAP3_chr17	HAP4_chr17	HAP3	HAP4	229467	223463	5308	447622	0.988142
17	23000001	23250000	HAP1_chr17	HAP2_chr17	HAP1	HAP2	223908	240498	87182	377224	0.768885
17	23000001	23250000	HAP1_chr17	HAP3_chr17	HAP1	HAP3	223908	234678	4907	453679	0.989184
17	23000001	23250000	HAP1_chr17	HAP4_chr17	HAP1	HAP4	223908	240245	4132	460021	0.991018
17	23000001	23250000	HAP2_chr17	HAP3_chr17	HAP2	HAP3	240498	234678	4975	470201	0.989419
17	23000001	23250000	HAP2_chr17	HAP4_chr17	HAP2	HAP4	240498	240245	5441	475302	0.988553
17	23000001	23250000	HAP3_chr17	HAP4_chr17	HAP3	HAP4	234678	240245	5082	469841	0.989184
17	23250001	23500000	HAP1_chr17	HAP2_chr17	HAP1	HAP2	231371	233953	59003	406321	0.854787
17	23250001	23500000	HAP1_chr17	HAP3_chr17	HAP1	HAP3	231371	238202	6874	462699	0.985144
17	23250001	23500000	HAP1_chr17	HAP4_chr17	HAP1	HAP4	231371	237597	4610	464358	0.990072
17	23250001	23500000	HAP2_chr17	HAP3_chr17	HAP2	HAP3	233953	238202	5003	467152	0.989290
17	23250001	23500000	HAP2_chr17	HAP4_chr17	HAP2	HAP4	233953	237597	4147	467403	0.991128
17	23250001	23500000	HAP3_chr17	HAP4_chr17	HAP3	HAP4	238202	237597	5495	470304	0.988316
17	23500001	23750000	HAP1_chr17	HAP2_chr17	HAP1	HAP2	220088	201794	73226	348656	0.789976
17	23500001	23750000	HAP1_chr17	HAP3_chr17	HAP1	HAP3	220088	240384	5740	454732	0.987377
17	23500001	23750000	HAP1_chr17	HAP4_chr17	HAP1	HAP4	220088	140830	4476	356442	0.987443
17	23500001	23750000	HAP2_chr17	HAP3_chr17	HAP2	HAP3	201794	240384	3479	438699	0.992070
17	23500001	23750000	HAP2_chr17	HAP4_chr17	HAP2	HAP4	201794	140830	5003	337621	0.985182
17	23500001	23750000	HAP3_chr17	HAP4_chr17	HAP3	HAP4	240384	140830	3927	377287	0.989591
17	23750001	24000000	HAP1_chr17	HAP2_chr17	HAP1	HAP2	231477	223337	68372	386442	0.823073
17	23750001	24000000	HAP1_chr17	HAP3_chr17	HAP1	HAP3	231477	239011	7171	463317	0.984522
17	23750001	24000000	HAP1_chr17	HAP4_chr17	HAP1	HAP4	231477	233796	5598	459675	0.987822
17	23750001	24000000	HAP2_chr17	HAP3_chr17	HAP2	HAP3	223337	239011	5540	456808	0.987872
17	23750001	24000000	HAP2_chr17	HAP4_chr17	HAP2	HAP4	223337	233796	7322	449811	0.983722
17	23750001	24000000	HAP3_chr17	HAP4_chr17	HAP3	HAP4	239011	233796	5497	467310	0.988237
17	24000001	24250000	HAP1_chr17	HAP2_chr17	HAP1	HAP2	220038	233315	112966	340387	0.668125
17	24000001	24250000	HAP1_chr17	HAP3_chr17	HAP1	HAP3	220038	232732	3389	449381	0.992459
17	24000001	24250000	HAP1_chr17	HAP4_chr17	HAP1	HAP4	220038	232275	4755	447558	0.989376
17	24000001	24250000	HAP2_chr17	HAP3_chr17	HAP2	HAP3	233315	232732	3390	462657	0.992673
17	24000001	24250000	HAP2_chr17	HAP4_chr17	HAP2	HAP4	233315	232275	4164	461426	0.990976
17	24000001	24250000	HAP3_chr17	HAP4_chr17	HAP3	HAP4	232732	232275	5105	459902	0.988900
17	24250001	24500000	HAP1_chr17	HAP2_chr17	HAP1	HAP2	236350	232371	125116	343605	0.635873
17	24250001	24500000	HAP1_chr17	HAP3_chr17	HAP1	HAP3	236350	232705	3848	465207	0.991728
17	24250001	24500000	HAP1_chr17	HAP4_chr17	HAP1	HAP4	236350	238063	3856	470557	0.991805
17	24250001	24500000	HAP2_chr17	HAP3_chr17	HAP2	HAP3	232371	232705	6881	458195	0.984982
17	24250001	24500000	HAP2_chr17	HAP4_chr17	HAP2	HAP4	232371	238063	4014	466420	0.991394
17	24250001	24500000	HAP3_chr17	HAP4_chr17	HAP3	HAP4	232705	238063	6691	464077	0.985582
17	24500001	24750000	HAP1_chr17	HAP2_chr17	HAP1	HAP2	227842	207546	18984	416404	0.954410
17	24500001	24750000	HAP1_chr17	HAP3_chr17	HAP1	HAP3	227842	237600	3166	462276	0.993151
17	24500001	24750000	HAP1_chr17	HAP4_chr17	HAP1	HAP4	227842	240189	4773	463258	0.989697
17	24500001	24750000	HAP2_chr17	HAP3_chr17	HAP2	HAP3	207546	237600	3151	441995	0.992871
17	24500001	24750000	HAP2_chr17	HAP4_chr17	HAP2	HAP4	207546	240189	7873	439862	0.982101
17	24500001	24750000	HAP3_chr17	HAP4_chr17	HAP3	HAP4	237600	240189	4577	473212	0.990328
17	24750001	25000000	HAP1_chr17	HAP2_chr17	HAP1	HAP2	231514	228897	38050	422361	0.909911
17	24750001	25000000	HAP1_chr17	HAP3_chr17	HAP1	HAP3	231514	235830	5741	461603	0.987563
17	24750001	25000000	HAP1_chr17	HAP4_chr17	HAP1	HAP4	231514	238016	5900	463630	0.987274
17	24750001	25000000	HAP2_chr17	HAP3_chr17	HAP2	HAP3	228897	235830	4970	459757	0.989190
17	24750001	25000000	HAP2_chr17	HAP4_chr17	HAP2	HAP4	228897	238016	5001	461912	0.989173
17	24750001	25000000	HAP3_chr17	HAP4_chr17	HAP3	HAP4	235830	238016	4812	469034	0.989741
17	25000001	25250000	HAP1_chr17	HAP2_chr17	HAP1	HAP2	235789	227073	52871	409991	0.871044
17	25000001	25250000	HAP1_chr17	HAP3_chr17	HAP1	HAP3	235789	239620	5134	470275	0.989083
17	25000001	25250000	HAP1_chr17	HAP4_chr17	HAP1	HAP4	235789	233144	7095	461838	0.984637
17	25000001	25250000	HAP2_chr17	HAP3_chr17	HAP2	HAP3	227073	239620	3977	462716	0.991405
17	25000001	25250000	HAP2_chr17	HAP4_chr17	HAP2	HAP4	227073	233144	5017	455200	0.988978
17	25000001	25250000	HAP3_chr17	HAP4_chr17	HAP3	HAP4	239620	233144	4199	468565	0.991039
17	25250001	25500000	HAP1_chr17	HAP2_chr17	HAP1	HAP2	238316	241542	48262	431596	0.888178
17	25250001	25500000	HAP1_chr17	HAP3_chr17	HAP1	HAP3	238316	213040	4165	447191	0.990686
17	25250001	25500000	HAP1_chr17	HAP4_chr17	HAP1	HAP4	238316	221334	4895	454755	0.989236
17	25250001	25500000	HAP2_chr17	HAP3_chr17	HAP2	HAP3	241542	213040	3698	450884	0.991798
17	25250001	25500000	HAP2_chr17	HAP4_chr17	HAP2	HAP4	241542	221334	5181	457695	0.988680
17	25250001	25500000	HAP3_chr17	HAP4_chr17	HAP3	HAP4	213040	221334	2626	431748	0.993918
17	25500001	25551709	HAP1_chr17	HAP2_chr17	HAP1	HAP2	50709	48388	306	98791	0.996903
17	25500001	25551709	HAP1_chr17	HAP3_chr17	HAP1	HAP3	50709	39596	206	90099	0.997714
17	25500001	25551709	HAP1_chr17	HAP4_chr17	HAP1	HAP4	50709	50018	301	100426	0.997003
17	25500001	25551709	HAP2_chr17	HAP3_chr17	HAP2	HAP3	48388	39596	132	87852	0.998497
17	25500001	25551709	HAP2_chr17	HAP4_chr17	HAP2	HAP4	48388	50018	169	98237	0.998280
17	25500001	25551709	HAP3_chr17	HAP4_chr17	HAP3	HAP4	39596	50018	127	89487	0.998581
