kmer	count_a	count_b	assigned
aaaatcgagattt	4573	683	a
aaatcgagatttc	4263	658	a
acctatcctagtc	2525	391	a
actaggataggta	2524	397	a
aatcgagatttcg	2507	434	a
atcgagatttcgg	2466	429	a
cctatcctagtcc	2443	381	a
gccgaaatctcga	2430	426	a
cctaggggtaccc	2422	0	a
ctaggataggtac	2408	329	a
accgttgtgaatc	2388	411	a
agattcacaacgg	2372	417	a
ctaggggtacccc	2349	0	a
aaaacgtacctat	2333	346	a
cgtacctatccta	2322	339	a
aggggtaccccta	2300	0	a
aacgtacctatcc	2294	357	a
aaaccctaaaccc	496	2285	b
ctaaaccctaaac	475	2282	b
cctaaaccctaaa	478	2280	b
ggtttagggttta	475	2275	b
aaacgtacctatc	2271	337	a
acgtacctatcct	2261	349	a
ccctaaaccctaa	476	2237	b
accctaaacccta	469	2236	b
aaccctaaaccct	466	2235	b
tgtggttcgccaa	2234	407	a
agatttcggctcc	2207	359	a
accacacggccaa	2207	340	a
agccgaaatctcg	2206	401	a
aaaaagattcaca	2187	427	a
gtgtggttcgcca	2186	387	a
aaaagattcacaa	2172	432	a
agggtccaagaat	2161	326	a
acacggccaaaaa	2159	328	a
aaatttacacaca	2154	308	a
aaaatttacacac	2150	306	a
cacacggccaaaa	2141	322	a
cgtgtggttcgcc	2138	362	a
aatttacacacat	2118	308	a
acatgtttgccat	2117	360	a
gatttcggctccc	2114	343	a
ataaccaagggtc	2111	329	a
gagatttcggctc	2104	289	a
cacatgtttgcca	2101	359	a
atatagctaaaat	2098	351	a
cttggcgaaccac	2094	342	a
ccgtgtggttcgc	2085	369	a
catgtttgccatc	2078	360	a
aaatggccttggc	2078	331	a
ccacacggccaaa	2073	318	a
gattcttggaccc	2072	319	a
atgtttgccatca	2068	343	a
agccaattaatat	2064	331	a
ccttggcgaacca	2062	341	a
aaaaaagattcac	2061	394	a
ttgacgtttcaaa	2055	351	a
cacgattcttgga	2047	313	a
acgattcttggac	2043	308	a
aaagattcacaac	2043	377	a
aagattcacaacg	2040	376	a
caaggccatttta	2038	330	a
atcctagtccgat	2037	309	a
aaacatgtgtgta	2036	363	a
gccaattaatata	2031	330	a
cgaaccacacggc	2030	341	a
acacatgtttgcc	2024	357	a
tagccccataaaa	2024	290	a
gccttggcgaacc	2024	346	a
cgattcttggacc	2023	307	a
aaaatggccttgg	2020	305	a
aagggtccaagaa	2019	269	a
aaaatagtggaaa	2017	0	a
aatggccttggcg	2014	321	a
cggactaggatag	2010	303	a
aaggccattttag	2010	332	a
tatcctagtccga	1984	275	a
caaaatagtggaa	1982	0	a
aaatagtggaaac	1978	0	a
aaccacacggcca	1975	339	a
aaaaatcgagatt	1974	227	a
atttacacacatg	1970	301	a
aacatgtgtgtaa	1967	292	a
aatttgtagaatc	1964	237	a
acatgtgtgtaaa	1963	301	a
aatagtggaaacg	1959	0	a
acgtttccactat	1958	0	a
attcagaatctga	1957	379	a
aggccattttagc	1955	342	a
aacgtttccacta	1954	0	a
ggacccttggtta	1946	302	a
agctaaaatggcc	1944	345	a
atttgtagaatcg	1940	232	a
aatcgagcgattc	1939	231	a
aaccaagggtcca	1933	306	a
agaatcgctcgat	1931	229	a
gcgattctacaaa	1931	231	a
cagattctgaatc	1931	375	a
agcgattctacaa	1930	231	a
gaaccacacggcc	1930	326	a
tagaatcgctcga	1930	229	a
aaatcgagcgatt	1929	253	a
agtggaaacgtta	1927	0	a
cgagcgattctac	1921	228	a
caagggtccaaga	1916	251	a
atcgctactagtc	1913	233	a
aatatagctaaaa	1906	306	a
gagcgattctaca	1902	231	a
gccattttagcta	1898	388	a
ggggccgaactac	1894	313	a
atatggccaaaat	1894	156	a
aacgttaagaatt	1891	251	a
attctacaaattc	1889	244	a
aaacgttaagaat	1887	247	a
taatatagctaaa	1885	306	a
attaatatagcta	1881	306	a
actagtagcgatg	1881	233	a
ttaatatagctaa	1881	299	a
gtggaaacgttaa	1877	133	a
agattctgaatcc	1874	328	a
attcggactagta	1871	251	a
ccaaaatagtgga	1871	0	a
cactattttggcc	1866	0	a
ctactagtccgaa	1865	254	a
actagtccgaatc	1864	237	a
tatggccaaaata	1863	0	a
aaattcttaacgt	1863	257	a
gatatggccaaaa	1862	151	a
gagccaattaata	1861	288	a
ggactagtagcga	1860	230	a
gaaacgttaagaa	1857	244	a
ccactattttggc	1857	0	a
ggaaaaatagcga	1855	0	a
actattttggcca	1855	0	a
ctagtccgaatca	1852	237	a
atggccaaaatag	1848	0	a
ggaaacgttaaga	1848	124	a
cttaacgtttcca	1848	126	a
aagatatggccaa	1846	149	a
accaagggtccaa	1845	243	a
agatatggccaaa	1844	150	a
agaatttgtagaa	1844	247	a
tacaaattcttaa	1842	254	a
gctactagtccga	1840	252	a
ccaagggtccaag	1836	245	a
cgctactagtccg	1836	229	a
aaatctccatcgc	1832	253	a
atttgccctaggg	1829	0	a
caaattcttaacg	1825	248	a
atctccatcgcta	1825	251	a
aatctccatcgct	1824	250	a
gtagcgatggaga	1823	251	a
ctacaaattctta	1823	241	a
aagaatttgtaga	1822	241	a
acaaattcttaac	1822	248	a
atcagattctgaa	1820	363	a
cacacatgtttgc	1813	266	a
cgagacggattca	1804	321	a
agtagcgatggag	1797	251	a
acacacatgtttg	1797	269	a
tggccttggcgaa	1794	322	a
gatcagattctga	1792	363	a
ccatcgctactag	1791	233	a
tagtagcgatgga	1788	233	a
aacttagtgaaaa	1783	244	a
atggccttggcga	1781	322	a
aaacttagtgaaa	1776	244	a
ggccttggcgaac	1766	329	a
cagaatctgatca	1760	350	a
cacgtagttcggc	1759	342	a
acttagtgaaaac	1758	236	a
aatccgtctcggt	1757	291	a
agttttcactaag	1745	237	a
aggccacttgaat	1741	258	a
cggaaaacgtacc	1740	277	a
acgtagttcggcc	1732	326	a
aaggccacttgaa	1730	258	a
cccctagggcaaa	1730	0	a
gacggaaaacgta	1723	270	a
atccgtctcggtc	1719	283	a
aattaatatagct	1718	298	a
acgttttccgtcc	1718	270	a
acggaaaacgtac	1717	262	a
attttgacgtttc	1713	307	a
atcattaatgatg	1710	301	a
gaaaacgtaccta	1708	276	a
cattttagctata	1707	296	a
cgtagttcggccc	1706	325	a
ccgagacggattc	1695	289	a
gaaaatgagtgac	1694	259	a
gattcaagtggcc	1694	256	a
atctcgatttttc	1690	216	a
ccaattaatatag	1687	283	a
ccgtttctcactc	1687	264	a
catttgccctagg	1686	0	a
agaatctgatcat	1676	356	a
ctcgatttttcga	1674	225	a
cgaaaaatcgaga	1674	221	a
gtcgaaaaatcga	1674	254	a
acccctagggcaa	1670	0	a
aggtacgttttcc	1670	248	a
ttactcgttcgaa	1668	237	a
atagctaaaatgg	1667	299	a
attcgaacgagta	1665	242	a
taaggccacttga	1661	185	a
gggggccgaacta	1655	222	a
atttttcgacccg	1651	164	a
actcgttcgaatc	1651	240	a
gtcgggtcgaaaa	1650	166	a
gaaacttagtgaa	1650	256	a
tattaatacctaa	1648	264	a
tacccctagggca	1646	0	a
agtcgggtcgaaa	1646	164	a
gccctaggggtac	1644	0	a
ccatcattaatga	1644	287	a
tcgggtcgaaaaa	1643	165	a
caattaatatagc	1642	276	a
attaattggctcg	1641	320	a
cgatttttcgacc	1639	164	a
atcattaatgata	1638	240	a
gatttttcgaccc	1633	175	a
agccccataaaaa	1628	263	a
aaaatagcgaaaa	1628	192	a
gccccataaaaaa	1620	259	a
aagttttcactaa	1616	196	a
gaagttttcacta	1612	195	a
tcattaatgataa	1610	231	a
aaaatcgagcgat	1608	253	a
atgataaccaagg	1607	287	a
aaaaatcgagcga	1606	254	a
aaatagcgaaaaa	1602	186	a
aatagcgaaaaat	1599	254	a
cgagtgagaaacg	1595	235	a
acccttggttatc	1595	291	a
atagcgaaaaatc	1593	247	a
agtgagaaacggc	1589	248	a
cccgagccaatta	1587	323	a
cccttggttatca	1578	287	a
ctcgatttttcgc	1576	245	a
aatcgcacgattc	1575	326	a
ccgagccaattaa	1574	305	a
atttcggctcccc	1574	284	a
gacgaagttttca	1571	204	a
ccctaggggtacc	1570	0	a
cgatttttcgcta	1570	246	a
agcgaaaaatcga	1569	246	a
gaaaacttcgtca	1569	204	a
cgaaaaatcgagc	1567	271	a
aaaacttcgtcac	1566	203	a
aaacttcgtcact	1565	202	a
gagtcgggtcgaa	1562	161	a
cgctcgatttttc	1562	252	a
aacttcgtcactc	1557	195	a
gaaaaatagcgaa	1557	174	a
ttaacgcatccaa	1556	245	a
aaaaatagcgaaa	1556	179	a
aacgagtgagaaa	1554	235	a
atgagtgacgaag	1554	217	a
aaatgagtgacga	1550	219	a
acttcgtcactca	1548	212	a
aatcgtgcgattc	1539	298	a
gtcaaaatcttga	1535	0	a
aaaatgagtgacg	1529	264	a
caatggtgaaaga	1516	271	a
cggattcagaatc	1513	245	a
acgaagttttcac	1513	200	a
acgagtgagaaac	1512	236	a
aaatcgagcttaa	1512	0	a
agtgaaaacttcg	1511	196	a
acggattcagaat	1509	246	a
aatgagtgacgaa	1509	219	a
tcggggagccgaa	1509	238	a
tcttaggtattaa	1504	255	a
taatacctaagaa	1502	253	a
cttaacgcatcca	1499	236	a
taacgagtgagaa	1497	237	a
attaatacctaag	1494	253	a
gttactcgttcga	1493	206	a
ttgaaacgtcaaa	1493	243	a
taaaaaagattca	1491	333	a
caagattttgaca	1490	0	a
agcttaacgcatc	1489	0	a
gaacgagtaacga	1489	174	a
atgcgttaagctc	1488	0	a
aaaatcttgaatt	1487	0	a
gtaacgagtgaga	1485	224	a
agaatcgtgcgat	1485	276	a
gtgtaaattttca	1484	287	a
tgaaacgtcaaaa	1484	241	a
gacggattcagaa	1480	245	a
gcttaacgcatcc	1480	121	a
aatcgagcttaac	1478	0	a
ctcggggagccga	1477	237	a
tcaaaatcttgaa	1474	0	a
ctattaataccta	1472	0	a
actcattttctta	1472	272	a
gaaaatttacaca	1472	288	a
agaaaatgagtga	1471	253	a
attcaagattttg	1469	0	a
aatggtgaaagaa	1469	283	a
cggggagccgaaa	1469	240	a
aaatcttgaattg	1469	0	a
attggctcgggga	1467	239	a
aatacctaagaaa	1466	254	a
actcatttgccct	1466	128	a
gcgttaagctcga	1463	0	a
acttgaatcaccc	1463	216	a
agtaacgagtgag	1462	224	a
aagaatcgtgcga	1461	276	a
atggtgaaagaat	1461	173	a
atacctaagaaaa	1460	257	a
cggctccccgagc	1460	237	a
atcgagcttaacg	1460	0	a
aatcttgaattgg	1458	0	a
ctccccgagccaa	1455	238	a
taaattttcacga	1455	339	a
cgagcttaacgca	1454	0	a
aattggctcgggg	1453	239	a
cctaagaaaatga	1452	253	a
aagaaaatgagtg	1452	252	a
agacggattcaga	1450	240	a
attttcttaggta	1450	257	a
caagtggccttag	1446	184	a
aatctcgatttta	1446	200	a
ccaatggtgaaag	1446	261	a
tctcgattttaaa	1445	199	a
acctaagaaaatg	1444	252	a
attctaaggccac	1443	197	a
acgacgatccgcc	1443	379	a
aaatcggactagg	1442	203	a
aaaatcggactag	1441	204	a
atcttgaattgga	1441	0	a
agtggccttagaa	1440	188	a
cgaacgagtaacg	1439	174	a
atccaattcaaga	1439	0	a
aatcggactagga	1438	203	a
cttgaatcacccc	1438	215	a
aagtggccttaga	1438	188	a
agtccgattttga	1438	182	a
ctaagaaaatgag	1435	250	a
aattctttcacca	1434	168	a
gtagccccataaa	1432	200	a
ccgaatcaatcaa	1429	0	a
aaattttcacgac	1428	337	a
aaacgtcaaaatc	1426	207	a
catccaattcaag	1426	0	a
gctccccgagcca	1426	233	a
ctcgattttaaaa	1425	193	a
gattctaaggcca	1424	198	a
ttaatgatggcaa	1422	211	a
cacttgaatcacc	1421	220	a
taatgatggcaaa	1420	211	a
attttcacgacga	1419	338	a
attaatgatggca	1419	212	a
acccgactcgaaa	1419	194	a
ggattctaaggcc	1418	122	a
caaaatcggacta	1416	186	a
ctcatttgcccta	1414	104	a
gacccgactcgaa	1413	194	a
aatcttttttatg	1411	312	a
atctcgattttaa	1411	198	a
gcatccaattcaa	1409	0	a
ggctccccgagcc	1409	237	a
aattttcacgacg	1409	332	a
aatgatggcaaac	1407	213	a
taatgataaccaa	1406	240	a
agtccgaatcaat	1404	0	a
aattgattgattc	1403	0	a
ctgaatccgtctc	1403	228	a
aacgcatccaatt	1403	0	a
agaaacggcaaaa	1401	247	a
attggatgcgtta	1401	0	a
tccgaatcaatca	1400	0	a
gccacttgaatca	1400	258	a
atcttttttatgg	1400	313	a
gattgattcggac	1399	0	a
ccacttgaatcac	1397	213	a
acgcatccaattc	1395	0	a
gaaatcgagctta	1394	0	a
ctagggcaaatga	1390	0	a
atgatggcaaaca	1388	208	a
gctatttttccac	1387	0	a
attgattgattcg	1387	0	a
tagtccgaatcaa	1385	0	a
cgcatccaattca	1384	0	a
ccaagaatcgtgc	1384	259	a
cattaatgatggc	1383	205	a
aatgataaccaag	1382	241	a
cgacccgactcga	1378	156	a
actaagtttcgag	1375	251	a
tcgaatcgcacga	1375	264	a
atcgtgcgattcg	1373	263	a
atcgtcgtgaaaa	1373	337	a
aaaacggtccgtc	1373	200	a
aaaatgggaaatc	1372	139	a
gatcgtcgtgaaa	1371	335	a
cgagtcgggtcga	1371	158	a
cgctatttttcca	1371	0	a
agaattgattgat	1368	0	a
aatcaatcaattc	1364	0	a
cccataaaaaaga	1364	306	a
aacgtcaaaatcg	1364	202	a
tgaatcaccccaa	1363	216	a
ataaaaaagattc	1362	301	a
cccgactcgaaac	1359	186	a
gagaagatatggc	1358	0	a
gactcgaaactta	1356	241	a
actcgaaacttag	1354	252	a
attggggtgattc	1354	217	a
aacgtagccccat	1352	183	a
aagtttcgagtcg	1350	244	a
aagctcgatttcc	1347	0	a
agtttcgagtcgg	1347	187	a
aatcaattctttc	1347	0	a
gtgaaaatttaca	1346	264	a
cgtcaaaatcgga	1346	197	a
atcaattctttca	1344	0	a
acgtcaaaatcgg	1344	197	a
aagaattgattga	1341	0	a
tggttatcattaa	1339	190	a
gagaaacggcaaa	1339	243	a
caaatgagtgaaa	1338	127	a
aaagaattgattg	1337	0	a
tggggtgattcaa	1336	216	a
aaacggtccgtcg	1335	201	a
cgaaacttagtga	1335	251	a
gaagatatggcca	1334	0	a
caagaatcgtgcg	1333	261	a
agaagatatggcc	1332	0	a
gcaaatgagtgaa	1332	127	a
cccaacgtagccc	1330	185	a
aatcaccccaatc	1329	219	a
ggcaaatgagtga	1328	128	a
gtgaaagaattga	1327	0	a
tgaaaatgggaaa	1327	258	a
gtgaaaatgggaa	1326	156	a
gaaacggcaaaaa	1326	210	a
cactaagtttcga	1325	252	a
ccccaacgtagcc	1324	186	a
attaatgataacc	1323	163	a
aacggtccgtcgg	1322	196	a
cactcatttgccc	1321	125	a
gctcgatttccca	1321	0	a
agctcgatttccc	1319	0	a
atgccccaacgta	1319	182	a
atttcccattttc	1318	254	a
ccatatcttctcc	1318	0	a
caattctttcacc	1317	0	a
agaccgttgtgaa	1313	253	a
aagaccgttgtga	1311	260	a
gtcaaaatcggac	1311	185	a
acgttggggcatg	1311	181	a
cattaatgataac	1310	164	a
attcacaacggtc	1307	256	a
gcccccgacggac	1306	191	a
acgtagccccata	1305	161	a
acggtccgtcggg	1303	195	a
cgtgaaaatttac	1302	258	a
caacgtagcccca	1301	183	a
cgtagccccataa	1295	155	a
aatgagtgaaaat	1294	188	a
ccaacgtagcccc	1292	183	a
atcaccccaatcg	1290	216	a
gagtaacgagtga	1288	149	a
gagtagcggagaa	1285	0	a
ccgattggggtga	1283	0	a
gccccaacgtagc	1283	184	a
ctacgttggggca	1282	185	a
aacgagtaacgag	1281	153	a
tctccgctactca	1281	0	a
aaatgagtgaaaa	1277	185	a
atcatgccccaac	1277	198	a
aaacggcaaaaac	1277	207	a
atcttctccgcta	1275	0	a
cccccgacggacc	1272	189	a
gtagcggagaaga	1272	0	a
agtagcggagaag	1272	0	a
agcggagaagata	1271	0	a
catatcttctccg	1269	0	a
acgagtaacgagt	1269	143	a
aatctgatcatgc	1268	220	a
gggcatgatcaga	1267	233	a
atatcttctccgc	1262	0	a
atctgatcatgcc	1261	218	a
aaatgggaaatcg	1256	100	a
ccccataaaaaag	1252	253	a
aatgggaaatcga	1252	0	a
atgagtgaaaatg	1251	172	a
caaggcctacaac	1248	229	a
aacggcaaaaacg	1245	203	a
acgtttcaaaaac	1241	180	a
cgttggggcatga	1240	183	a
aaggcctacaacc	1238	232	a
atgggaaatcgag	1234	0	a
cactcgttactcg	1233	140	a
ccccgacggaccg	1233	170	a
gatcatgccccaa	1228	204	a
cgtttcaaaaacc	1227	181	a
cgtgcgattcgaa	1227	189	a
aatcgagatttct	1221	225	a
aggcctacaaccc	1221	234	a
atttggtggaaaa	1217	119	a
ctacaaccctaca	1216	0	a
agattttgacact	1213	0	a
gatttggtggaaa	1210	119	a
tttggtggaaaaa	1209	123	a
cctacaaccctac	1207	0	a
atttttccaccaa	1207	126	a
catgatcagattc	1207	216	a
ccattttcactca	1206	177	a
tatttttccacca	1205	126	a
agatttggtggaa	1202	144	a
atcgagatttctc	1201	216	a
tgatcatgcccca	1200	202	a
gcctacaacccta	1199	0	a
ctatttttccacc	1198	0	a
agtgaaaatggga	1196	154	a
gacgatccgccgc	1194	339	a
cagtgtcaaaatc	1191	0	a
tgacgtttcaaaa	1190	176	a
gttttaaaatcga	1187	168	a
agggttgtaggcc	1187	0	a
ctgatcatgcccc	1179	202	a
cgacgatccgccg	1178	343	a
ggatcgtcgtgaa	1175	264	a
aagattttgacac	1173	0	a
cgaccgagacgga	1173	261	a
tgagaaacggcaa	1170	193	a
aaaccgttgtgaa	1167	133	a
cccattttcactc	1163	152	a
acagtgtcaaaat	1161	0	a
aaccgttgtgaat	1158	140	a
tacagtgtcaaaa	1153	0	a
aacggtttttgaa	1147	148	a
gacgtttcaaaaa	1147	170	a
aaaaccgttgtga	1141	133	a
cacggccaaaaaa	1140	202	a
cggatcgtcgtga	1140	257	a
tccaaggcctaca	1139	226	a
gtaggccttggaa	1138	226	a
ctacagtgtcaaa	1137	0	a
attaatagtccaa	1136	0	a
ccaaggcctacaa	1135	224	a
aactacgtgtgga	1134	185	a
acggtttttgaaa	1132	139	a
caacggtttttga	1127	143	a
acgatccgccgcc	1124	310	a
cacgacgatccgc	1124	257	a
tattaatagtcca	1123	0	a
ccgtccacacgta	1123	183	a
actacgtgtggac	1123	185	a
cggtttttgaaac	1122	138	a
acgtgtggacgga	1120	183	a
aaaaaccgttgtg	1118	135	a
cctacagtgtcaa	1117	0	a
ggactattaatac	1115	0	a
attggactattaa	1115	0	a
cgtccacacgtag	1115	186	a
cattggactatta	1112	0	a
gtgcgattcgaac	1112	190	a
acaaccctacagt	1110	0	a
acaacggtttttg	1110	134	a
aaccctacagtgt	1105	0	a
ccctacagtgtca	1104	0	a
gtcgggggccgaa	1103	170	a
caaccctacagtg	1102	0	a
ctgtagggttgta	1102	0	a
accctacagtgtc	1102	0	a
cgattttaaaacg	1101	166	a
aatagtccaatgg	1101	0	a
caaatctccatcg	1101	245	a
gactattaatacc	1099	0	a
attttaaaacggc	1099	174	a
actattaatacct	1098	0	a
tccaatggtgaaa	1095	261	a
ccaaatctccatc	1093	171	a
accattggactat	1091	0	a
agtccaatggtga	1090	0	a
gagatttggtgga	1090	143	a
accaaatctccat	1086	195	a
ccgttttaaaatc	1082	194	a
caccaaatctcca	1082	191	a
ccttagaatccta	1080	129	a
caccattggacta	1078	0	a
gtccaatggtgaa	1071	0	a
cgtgtggacggaa	1071	160	a
aggattctaaggc	1070	122	a
gttcggcccccga	1069	171	a
ccacacgtagttc	1062	184	a
gtgtggacggaaa	1059	170	a
cacacgtagttcg	1053	187	a
ccaccaaatctcc	1039	191	a
cacggccaaaaac	1038	135	a
cgccgttttaaaa	1026	174	a
acggcggcggatc	1026	287	a
acacgtagttcgg	1023	177	a
tgtggacggaaaa	1021	175	a
agttcggcccccg	1013	111	a
aatctgatcatac	1008	225	a
aacggtctttgaa	1005	201	a
acggtctttgaaa	1005	201	a
cgtcgggggccga	1004	128	a
cgttcgaatcgca	1004	130	a
gcgattcgaacga	1004	131	a
cgattcgaacgag	996	119	a
atctgatcatacc	995	218	a
caacggtctttga	989	183	a
ggcccccgacgga	976	115	a
ggagaaatctcga	975	210	a
acggccaaaaaac	975	191	a
acaacggtctttg	968	179	a
cgatccgccgccg	965	277	a
gggtatgatcaga	962	210	a
tggggacggaaaa	962	196	a
cggtctttgaaac	958	190	a
aggagaaatctcg	952	116	a
ggggacggaaaac	949	194	a
aaagaccgttgtg	936	164	a
ggccaaaaaacga	916	160	a
atcgggtgagtag	914	0	a
cggccaaaaaacg	914	159	a
ccgtcgggggccg	911	113	a
cgttttccgtccc	902	131	a
gtggacggaaaac	899	167	a
acgtttcaaagac	891	200	a
ggtgagtagcgga	891	0	a
ccgctactcaccc	891	0	a
aatctcgattttg	884	196	a
atctcgattttgg	877	187	a
cgtttcaaagacc	874	197	a
gccaaaatcgaga	864	186	a
cgctactcacccg	861	0	a
gacgtttcaaaga	860	180	a
ctttgaaacgtca	860	176	a
agatttctcctag	859	117	a
gagatttctccta	857	119	a
ctcgattttggca	854	185	a
gctactcacccga	851	0	a
cgttttccgtcca	841	140	a
cctaggagaaatc	839	118	a
atttctcctaggg	837	119	a
gtcgggggcaaaa	833	151	a
aggccttggaaat	829	206	a
gtggggacggaaa	827	191	a
gttttgcccccga	823	149	a
aaataggattcta	817	130	a
taggccttggaaa	816	191	a
aataggattctaa	815	131	a
agaaacggccaaa	812	113	a
cgggggcaaaacg	810	144	a
ctccgctactcac	809	0	a
ggccttggaaata	807	204	a
gagaaacggccaa	796	109	a
gaaacggccaaaa	794	109	a
ggccgtttctcac	784	113	a
tgagaaacggcca	783	113	a
atcataccccaac	783	140	a
gtgagaaacggca	781	139	a
ctatttccaaggc	776	125	a
cgtgtgattcgaa	775	117	a
ataggattctaag	772	129	a
cccacgtagttcg	772	170	a
tcgaatcacacga	770	118	a
atcgtcgtaaaaa	769	133	a
atttttacgacga	768	133	a
ccccacgtagttc	764	170	a
aatcacacgattc	759	137	a
actcacccgattg	759	0	a
gtgccaaaatcga	758	186	a
aaacggcggcgga	757	193	a
aactacgtgggga	755	154	a
aacggcggcggat	755	188	a
ccacgtagttcgg	755	168	a
ccgccgttttaaa	754	169	a
cccaatcgggtga	754	0	a
aatcgggtgagta	753	0	a
ccaatcgggtgag	753	0	a
gatcgtcgtaaaa	753	131	a
aatcgtgtgattc	745	135	a
gtgattcgaacga	744	121	a
gtgtgattcgaac	744	112	a
cgttcgaatcaca	743	119	a
ctcgttcgaatca	743	121	a
actacgtggggac	742	151	a
tcataccccaaca	741	140	a
gatcataccccaa	741	138	a
gaccgtttttgcc	739	0	a
tgatcatacccca	732	138	a
acgtggggacgga	731	188	a
gccgccgttttaa	731	168	a
aatcctatttcca	730	132	a
caaaatctccatc	729	0	a
atcctatttccaa	725	131	a
atgttggggtatg	723	124	a
ataccccaacata	723	123	a
aaaatctccatcg	723	0	a
ccaaaaaacgacc	722	0	a
cgtggggacggaa	720	188	a
acggcaaaaacgg	719	106	a
tgtttgccatcaa	718	153	a
attgatggcaaac	718	156	a
ctgatcatacccc	717	132	a
gccaaaaaacgac	717	0	a
cttggaaatagga	716	132	a
caccccaatcggg	713	0	a
ggatcgtcgtaaa	711	127	a
accccaatcgggt	710	0	a
cacccgattgggg	708	0	a
aaacggccaaaac	706	0	a
accgtttttgccg	706	106	a
aacggccaaaacg	706	0	a
cgtccccacgtag	705	124	a
gaccgttttggcc	705	0	a
acggccaaaacgg	703	0	a
gccaaaaaccgac	701	163	a
taaatttttacga	699	0	a
accgttttggccg	699	0	a
cccctaggagaaa	690	119	a
tccgtcgggggca	689	152	a
aatttttacgacg	688	0	a
ccgtgccaaaatc	687	155	a
aaatttttacgac	682	0	a
cgtcgggggcaaa	681	131	a
caaaaacggtccg	681	0	a
cctatttccaagg	680	129	a
aaaaacggtccgt	680	0	a
cgattttggcacg	677	155	a
acccctaggagaa	673	119	a
aaaaatttacaca	670	0	a
ccgtcgggggcaa	670	143	a
gcaaaaacggtcc	670	0	a
tacccctaggaga	665	119	a
acacgattcttgg	665	0	a
gtgtaaattttta	665	0	a
aaaaccgaccgag	662	150	a
agaatcgtgtgat	661	0	a
aagaatcgtgtga	661	0	a
aaaaaccgaccga	658	150	a
ggccaaaaaccga	658	129	a
acggaccgttttg	658	131	a
caagaatcgtgtg	658	0	a
cccaacatagccc	656	0	a
atcgtgtgattcg	653	119	a
aaaaaacgaccga	651	0	a
aaaccgaccgaga	651	148	a
ccgtccccacgta	651	121	a
ccaaaaaccgacc	647	130	a
cggatcgtcgtaa	643	126	a
caaaaaacgaccg	642	0	a
agttcggccccca	641	113	a
aaaaacgaccgag	641	0	a
gttcggcccccaa	640	113	a
aaaaacgtaccta	639	0	a
gtaaaaatttaca	639	0	a
ctcctaggggtac	638	0	a
aaaacgaccgaga	637	0	a
aggtacgtttttc	636	0	a
gaatcctatttcc	633	131	a
ggcccccaattga	631	110	a
ggtacccctagga	630	0	a
cgccgccgtttta	629	161	a
tatcggactagga	628	114	a
ccccaacatagcc	627	0	a
caaaaaccgaccg	626	121	a
atagccccataaa	623	0	a
agaatcctatttc	623	129	a
attgggggccgaa	620	109	a
aaaacggcggcgg	619	169	a
aattgggggccga	618	109	a
aatatcggactag	616	110	a
ttattgatggcaa	614	102	a
atatcggactagg	614	111	a
aaacgaccgagac	612	0	a
caattgggggccg	611	109	a
aaaaaaagattca	609	0	a
aaccgaccgagac	609	140	a
acggccaaaaacc	608	107	a
attattgatggca	607	100	a
cggccaaaaaccg	606	106	a
cccatgtagttcg	601	0	a
accgaccgagacg	601	132	a
catgtagttcggc	600	0	a
ccccatgtagttc	600	0	a
cgtaaaaatttac	599	0	a
ccgaccgagacgg	598	132	a
catagccccataa	597	0	a
ccatgtagttcgg	596	0	a
cccaatcggatga	596	134	a
ccaatcggatgag	595	134	a
aactacatgggga	595	0	a
accccaatcggat	594	0	a
ccaacatagcccc	593	0	a
catccgattgggg	593	0	a
acatagccccata	593	0	a
actcatccgattg	592	134	a
accccaacatagc	592	0	a
aatcggatgagta	591	135	a
acgaaaaacgtac	587	0	a
gacgaaaaacgta	584	0	a
cgaaaaacgtacc	583	0	a
gaatcttttttta	582	0	a
aacatagccccat	581	0	a
aatctttttttat	581	0	a
attgacgtttcaa	580	115	a
acgtttttcgtcc	580	0	a
caacatagcccca	578	0	a
atattgacgtttc	575	115	a
tattgacgtttca	571	116	a
acgaccgagacgg	570	131	a
ccataaaaaaaga	568	0	a
caccccaatcgga	567	0	a
ccccataaaaaaa	565	0	a
cgtttttcgtccc	565	0	a
atctttttttatg	565	0	a
gggccgaactaca	565	0	a
atcggatgagtag	565	0	a
gctactcatccga	563	0	a
atgtagttcggcc	559	0	a
cccataaaaaaag	558	0	a
tcaataattataa	557	0	a
attgaccgttttg	557	0	a
taattataaccaa	557	0	a
tggggacgaaaaa	553	0	a
actacatggggac	551	0	a
tattgatggcaaa	551	110	a
atcaataattata	551	0	a
gccaaaacggtcc	550	0	a
ggggacgaaaaac	550	0	a
aatcgagatttca	547	0	a
ataattattgatg	546	0	a
ttttgaggaaaaa	544	0	a
tccgtctcggtca	542	0	a
cgtccccatgtag	538	0	a
ctatgttggggta	538	0	a
ccaaaacggtccg	538	0	a
aataattataacc	536	0	a
aaatctgatcata	536	0	a
agacggattcaaa	535	0	a
ataattataacca	535	0	a
aaacgtcaatatc	535	117	a
accgttttgcccc	535	0	a
aattataaccaag	534	0	a
acggcaaaaacga	532	100	a
acccttggttata	532	0	a
aacgtcaatatcg	531	114	a
atcgtttttgccg	529	100	a
ccatcaataatta	529	0	a
gcaaaacggtcaa	526	0	a
ggcaaaacggtca	526	0	a
attataaccaagg	525	0	a
cccttggttataa	525	0	a
acgtcaatatcgg	524	113	a
gaccgttttgccc	523	0	a
atttttcctcaaa	523	0	a
attttgaggaaaa	521	0	a
aacgaccgagacg	520	0	a
aaaagatatggcc	517	148	a
caataattataac	515	0	a
aaagatatggcca	514	150	a
gaaaagatatggc	514	148	a
attgatcgttttg	511	0	a
cgtcaatatcgga	511	106	a
tcaaatctgatca	510	0	a
aaaacgatcaatt	510	0	a
atgatcagatttg	509	0	a
agtccgatattga	508	110	a
aaaacggtcaatt	507	0	a
caatatcggacta	507	109	a
ccgttttgccccc	507	0	a
gtcaatatcggac	506	105	a
agattttgaggaa	505	0	a
gattttgaggaaa	505	0	a
ctcaaaatctcca	504	0	a
cctcaaaatctcc	503	0	a
tatttttcctcaa	503	0	a
gagattttgagga	502	0	a
atggagattttga	502	0	a
gcaaaacgatcaa	501	0	a
gaggaaaaatagc	499	0	a
atggggacgaaaa	497	0	a
atttgaatccgtc	497	0	a
aaacgatcaattg	497	0	a
ctatttttcctca	496	0	a
catggggacgaaa	493	0	a
acatggggacgaa	493	0	a
tacatggggacga	492	0	a
aaacggtcaattg	490	0	a
ccatatcttttcc	489	193	a
gaatctgatcata	485	145	a
aagaattaagtga	484	156	a
gagacggattcaa	482	0	a
agaattaagtgat	480	154	a
catatcttttccg	479	191	a
aaagaattaagtg	479	154	a
aggaaaaatagcg	479	0	a
aatcacttaattc	478	158	a
aattattgatggc	478	0	a
gatgagtagcgga	477	0	a
aattaagtgattc	473	156	a
atgagtagcggag	472	0	a
attaagtgattcg	469	150	a
acttaattctttc	468	169	a
ccgaatcacttaa	466	151	a
atcagatttgaat	465	0	a
aaaaacgatccgt	465	106	a
gatcagatttgaa	465	0	a
caaaaacgatccg	463	112	a
acggattcaaatc	463	0	a
agggagccgaaat	463	0	a
agatttgaatccg	460	0	a
gcaaaaacgatcc	457	110	a
gattcaaatctga	456	0	a
gatcgtttttgcc	456	113	a
aaaacgatccgtc	456	107	a
cagatttgaatcc	449	0	a
aacgatcaattgg	447	0	a
ccgctactcatcc	446	0	a
aaacgatccgtcg	444	103	a
aacgatccgtcgg	442	104	a
acgatcaattggg	441	0	a
cgctactcatccg	441	0	a
ggcaaaacgatca	440	0	a
atcaattgggggc	432	0	a
gcggatcgtcgta	432	125	a
acggccaaaaact	432	0	a
aaaattggattct	432	0	a
ccccgacggatcg	431	0	a
aaaaactgaccga	430	0	a
cttgaaaattgga	429	0	a
aatccaattttca	428	0	a
gaaaattggattc	427	0	a
atccaattttcaa	427	0	a
acgatccgtcggg	427	102	a
aaaactgaccgag	425	0	a
cccccaattgatc	423	0	a
gagatttcaccta	423	0	a
ccccaattgatcg	421	0	a
aaactgaccgaga	418	0	a
aaattggattcta	418	0	a
cctaggtgaaatc	416	0	a
agatttcacctag	416	0	a
aacgattgagaaa	415	0	a
aactgaccgagac	414	0	a
aagagattcacaa	413	0	a
aattggattctaa	412	0	a
gatcgttttgccc	411	0	a
gccccataaaaga	411	0	a
ggccaaaaactga	411	0	a
ccttagaatccaa	410	0	a
ataaaagagattc	410	0	a
attggattctaag	410	0	a
gccttagaatcca	409	0	a
ccccataaaagag	409	0	a
taacgattgagaa	409	0	a
taaaagagattca	409	0	a
gccaaaaactgac	408	0	a
atttcacctaggg	408	0	a
agccccataaaag	408	0	a
aatctcttttatg	407	0	a
aacggaaaagata	406	192	a
gtaacgattgaga	406	0	a
aaagagattcaca	405	0	a
agtaacgattgag	404	0	a
ccaattttcaagg	403	0	a
atctcttttatgg	403	0	a
atcgttttgcccc	403	0	a
atagctaaaattg	402	0	a
acggaaaagatat	402	192	a
cagtttttggccg	402	0	a
cccccgacggatc	401	0	a
aaaagagattcac	401	0	a
cccataaaagaga	399	0	a
atcttttccgtta	399	197	a
cccctaggtgaaa	398	0	a
actgaccgagacg	396	0	a
caattttcaaggc	395	0	a
tattaatagccca	394	0	a
aattttagctata	393	0	a
atcgagatttcac	393	0	a
attaatagcccaa	392	0	a
gagtaacggaaaa	390	182	a
acccctaggtgaa	389	0	a
cacctaggggtac	389	0	a
tacccctaggtga	389	0	a
ccgtttctcaatc	388	0	a
ccgtctcggtcag	387	0	a
attgggctattaa	387	0	a
ggctattaatacc	387	0	a
aggtattaatagc	387	0	a
gggctattaatac	385	0	a
atccgtcgggggc	384	0	a
ggtgaaagaatta	383	166	a
gtaacggaaaaga	382	182	a
aggactaggatag	381	0	a
ggtgaaatctcga	381	0	a
aaataggactagg	380	0	a
accattgggctat	379	0	a
ccaaaaactgacc	379	0	a
gcccaatggtgaa	379	0	a
cccaatggtgaaa	379	0	a
aggtgaaatctcg	379	0	a
agtaacggaaaag	379	183	a
cgattgagaaacg	378	0	a
tgccgtttctcaa	378	0	a
agcccaatggtga	378	0	a
cattgggctatta	377	0	a
attgagaaacggc	377	0	a
aataggactagga	377	0	a
acgattgagaaac	376	0	a
acggtcttagaaa	376	103	a
caccattgggcta	376	0	a
aacggtcttagaa	375	103	a
taggactaggata	375	0	a
aaaatagcgacaa	373	0	a
ataggactaggat	373	0	a
caacggtcttaga	373	103	a
aaatagcgacaaa	373	0	a
aatagcccaatgg	373	0	a
acgagtaacggaa	372	0	a
cgagtaacggaaa	372	0	a
cggtcttagaaac	372	101	a
gacgagtaacgga	371	0	a
acctaggggtacc	371	0	a
acaacggtcttag	371	103	a
caaaaactgaccg	369	0	a
agagattcacaac	368	0	a
aaaaatagcgaca	366	0	a
aacgagtaacgat	364	0	a
aatcgttactcgt	364	0	a
ccgttactcgtcc	363	0	a
cgttgtgaatctc	362	0	a
accgtgccaaaat	361	0	a
gtgaaagaattaa	361	170	a
agctaaaattgcc	358	0	a
gacgatccgccac	357	0	a
cacaacggtctta	357	0	a
gagtaacgattga	357	0	a
gcaattttagcta	356	0	a
attttggcacggc	356	145	a
cttaattctttca	356	176	a
attaattggctca	355	0	a
cgccgtgccaaaa	354	142	a
cgatttgtcgcta	353	0	a
aatagcgacaaat	353	0	a
ccgccgtgccaaa	352	141	a
agcgacaaatcga	352	0	a
acgatccgccacc	352	0	a
atagcgacaaatc	351	0	a
agggccgaactac	351	0	a
ctcgatttgtcgc	348	0	a
tgtaggccttgaa	347	0	a
tcagggagccgaa	347	0	a
tcaaggcctacaa	346	0	a
gccgccgtgccaa	346	135	a
taggccttgaaaa	345	0	a
aggccttgaaaat	345	0	a
gtaggccttgaaa	344	0	a
atcctacttccaa	343	0	a
ctcagggagccga	343	0	a
ggctcagggagcc	343	0	a
aatcctacttcca	342	0	a
cttggaagtagga	342	0	a
gacgtttctaaga	342	103	a
cagggagccgaaa	341	0	a
ccatttgccctag	339	0	a
cgacaaatcgagc	339	0	a
aaattgccttggc	338	0	a
gagggccgaacta	337	0	a
caaggcaatttta	337	0	a
cttccaaggccta	337	0	a
caatcgttactcg	337	0	a
ctgagccaattaa	337	0	a
acttccaaggcct	336	0	a
acgtttctaagac	336	101	a
cggctccctgagc	335	0	a
aaaattgccttgg	335	0	a
cgtttctaagacc	335	100	a
tgaaaatggaaaa	335	0	a
aatctcgattttc	334	0	a
caccgtgccaaaa	334	0	a
agaatcctacttc	334	0	a
acggtggcggatc	333	0	a
ggccttggaagta	333	0	a
gaatcctacttcc	332	0	a
gccaccgtgccaa	332	0	a
ctacttccaaggc	332	0	a
cctgagccaatta	331	0	a
ccaccgtgccaaa	331	0	a
aattgccttggcg	331	0	a
aagtaggattcta	330	0	a
cacttgaatcgcc	329	0	a
aattggctcaggg	329	0	a
attttccattttc	329	0	a
ccacttgaatcgc	328	0	a
cctacttccaagg	328	0	a
acaaatcgagcga	328	0	a
atcgctcgatttg	328	0	a
agtaggattctaa	327	0	a
ctacaatcccaca	327	0	a
cgacgatccgcca	326	0	a
acttgaatcgccc	324	0	a
aaggcaattttag	324	0	a
cgctcgatttgtc	323	0	a
cgattcaagtggc	321	0	a
cgatccgccaccg	321	0	a
gggggcaaaacga	320	0	a
aggcaattttagc	320	0	a
atctcgattttca	320	0	a
cttagaatcctac	319	0	a
aatgggtgaaaat	317	0	a
cgttactcgtcca	316	0	a
tgaatcgccccaa	316	0	a
tctcgattttcaa	315	0	a
cctacaatcccac	315	0	a
tggggcgattcaa	315	0	a
attggctcaggga	314	0	a
ctcgattttcaaa	314	0	a
attgccttggcga	313	0	a
gctccctgagcca	313	0	a
ctccctgagccaa	308	0	a
cttgaatcgcccc	307	0	a
aaaatgagtgaca	306	0	a
cgccaccgtgcca	302	0	a
ggaaacttagtga	301	0	a
actaagtttccag	299	0	a
gcacggtggcgga	298	0	a
gactggaaactta	297	0	a
ggccctcaattga	297	0	a
ccgccaccgtgcc	297	0	a
attggggcgattc	297	0	a
atccgccaccgtg	296	0	a
aagattttgacaa	296	0	a
atccgccgccgtg	296	107	a
actggaaacttag	295	0	a
gcacggcggcgga	295	105	a
agattttgacaat	294	0	a
tacattgtcaaaa	293	0	a
ttcgccaaggcaa	293	0	a
cgccgccgtgcca	293	104	a
aagtttccagtcg	293	0	a
cactaagtttcca	292	0	a
gcctacaatccca	292	0	a
acattgtcaaaat	291	0	a
cattgtcaaaatc	291	0	a
ccgccgccgtgcc	291	108	a
gttcgccaaggca	290	0	a
atgttttccatca	289	109	a
acccatttgccct	287	0	a
cccatttgcccta	284	0	a
attggacgagtaa	284	0	a
acatgttttccat	283	102	a
accgttggaatat	283	0	a
ctacattgtcaaa	283	0	a
aaatgggtgaaaa	283	0	a
gttactcgtccaa	282	0	a
aacggtcaattga	282	0	a
aattatcattaat	281	0	a
aaaacggtctgtc	281	0	a
taattatcattaa	281	0	a
aattggacgagta	280	0	a
attatcattaatg	279	0	a
cccgactggaaac	279	0	a
agtttccagtcgg	279	0	a
aaccctacattgt	278	0	a
catgttttccatc	278	106	a
acggtcaattgag	278	0	a
cctacattgtcaa	278	0	a
aacggtgaaagaa	277	0	a
tccaacggtgaaa	276	0	a
acccgactggaaa	276	0	a
acggtgaaagaat	276	0	a
ccctacattgtca	275	0	a
aattctttcaccg	275	0	a
caacggtgaaaga	275	0	a
gacccgactggaa	275	0	a
aattgagggccga	275	0	a
gcaaatgggtgaa	275	0	a
ggcaaatgggtga	275	0	a
tacaatcccacaa	275	0	a
gaaaaatagcgac	275	0	a
accctacattgtc	274	0	a
ccctcaattgacc	274	0	a
ttatgataaccaa	274	0	a
gccaattaattta	274	107	a
aaacgtcaaaata	274	102	a
actcgtccaattg	274	0	a
caaatgggtgaaa	274	0	a
tagaaacgtcaaa	273	132	a
acaaggtcaaaat	0	273	b
gccctcaattgac	272	0	a
attgagggccgaa	272	0	a
cctcaattgaccg	271	0	a
cttggttatcata	271	0	a
cacccatttgccc	269	0	a
atcctattttcaa	268	0	a
ccaacggtgaaag	268	0	a
attggaatattaa	0	268	b
aaaatggaaaatc	268	0	a
attccaacggtga	266	0	a
cattggaatatta	0	266	b
aaaataggactag	266	0	a
aatattccaatgg	0	266	b
aacgtcaaaatag	266	100	a
accattggaatat	0	266	b
agttcggccctca	265	0	a
gttcggccctcaa	265	0	a
atgtagggttgta	265	0	a
aatgtagggttgt	265	0	a
caaaataggacta	264	0	a
aaatcgagatttg	264	0	a
caaccctacattg	264	0	a
cccaattggacga	263	0	a
taatgatggaaaa	263	0	a
agaaacgtcaaaa	263	102	a
ttcaccgttggaa	263	0	a
attaatgatggaa	262	0	a
caccgttggaata	262	0	a
cttgaaaatagga	262	0	a
attttaaaatcga	262	0	a
caccattggaata	0	261	b
agtcctattttga	261	101	a
ttaatgatggaaa	261	0	a
aatcgccccaatt	260	0	a
gtcaaaataggac	260	0	a
attccaatggtga	0	260	b
gtttgaaaatcga	260	0	a
ccaattggacgag	260	0	a
ttcaccattggaa	0	260	b
aatcctattttca	260	0	a
agcccattaatat	259	0	a
taatgataattaa	259	0	a
ccccaattggacg	259	0	a
attatgataacca	259	0	a
atcgccccaattg	258	0	a
caattgagggccg	258	0	a
aggaaaatgagtg	258	0	a
aattatgataacc	257	0	a
acacatgttttcc	257	101	a
ccaattggggcga	256	0	a
gccccaattggac	256	0	a
cgtcaaaatagga	256	0	a
cctattttcaagg	256	0	a
ggaaaatgagtga	256	0	a
aatcgagatttgc	255	0	a
acgtcaaaatagg	255	0	a
cgccccaattgga	255	0	a
aatgatggaaaac	255	0	a
cacatgttttcca	255	102	a
agggcaaatctcg	254	0	a
atcgagatttgcc	254	0	a
gatttttggaccc	253	0	a
gggcaaatctcga	253	0	a
actcattttccta	253	0	a
cattaatgatgga	252	0	a
cgatttttggacc	251	0	a
gcccattaatata	251	0	a
ctattttcaaggc	251	0	a
cttagaaacgtca	250	0	a
gagatttgcccta	249	0	a
atcaattatgata	248	0	a
ccattttagctaa	248	111	a
aatattccaacgg	248	0	a
atctcgatttttg	248	0	a
ctaggaaaatgag	247	0	a
tcgccgttttaaa	247	0	a
atgatggaaaaca	247	0	a
atggaaaatcgag	246	0	a
gagcccattaata	245	0	a
acctaggaaaatg	245	0	a
cattttaaaatcg	244	0	a
gaaaataggattc	244	0	a
cctaggaaaatga	244	0	a
aaatggaaaatcg	243	0	a
acaatcccacaaa	243	0	a
gcttgaaatgacc	115	242	b
gtccaaaaatcga	242	0	a
gtgaaaatggaaa	242	0	a
aggtcatttcaag	114	242	b
caatcccacaaag	242	0	a
aatggaaaatcga	241	0	a
ctaggtattaata	241	0	a
caaggtcatttca	114	240	b
ggcctacaatccc	240	0	a
acaaggtcatttc	114	240	b
ccttgtaaaggaa	112	239	b
aatgaccttgtaa	113	239	b
aaatgaccttgta	113	239	b
cacaaggtcaaaa	0	239	b
tcaattatgataa	239	0	a
atgaccttgtaaa	114	239	b
gtgtggtacgcca	239	0	a
ccacaaggtcaaa	0	239	b
cgcttgaaatgac	113	239	b
aaggtcatttcaa	113	239	b
ctgatcataccca	238	0	a
tgatcatacccaa	238	0	a
ccaaaaatcgaga	238	0	a
agatttggatgcg	113	238	b
accttgtaaagga	111	238	b
cattttagctaaa	238	114	a
acaaccccacaag	0	237	b
cctttacaaggtc	110	237	b
tacaaccccacaa	0	237	b
aaattaattggct	237	0	a
ctacaaccccaca	0	237	b
ctcgatttttgga	237	0	a
ctttacaaggtca	111	237	b
gcctacaacccca	0	237	b
gctcgattttcca	237	0	a
aggggccgaacta	237	0	a
ggcctacaacccc	0	236	b
acaaaatctccat	236	0	a
atttagctaaaat	236	118	a
cccacaaggtcaa	0	235	b
taagggtccaaga	235	0	a
aaatttagacaca	235	113	a
ccccacaaggtca	0	235	b
cacaaaatctcca	235	0	a
gccttggcgtacc	235	0	a
cgattttcaaacg	234	0	a
caattatgataac	234	0	a
tgtggtacgccaa	234	0	a
aaccccacaaggt	0	234	b
acggtcaattggg	234	0	a
accccacaaggtc	0	234	b
ccattaatatagc	234	0	a
ccccaattgaccg	234	0	a
caaccccacaagg	0	234	b
agctatattaatg	233	0	a
cctacaaccccac	0	233	b
aatgataattaag	233	0	a
cccattaatatag	232	0	a
aaacggtctgtcg	232	0	a
aaaattttgattt	232	0	a
atcataattgatg	232	0	a
cgtgtggtacgcc	231	0	a
aattaatttagct	231	105	a
aaaaacgatcgag	230	0	a
acgccaaggccat	230	0	a
aaatgagtgacat	230	0	a
aatttagacacat	230	106	a
ccgtttgaaaatc	230	0	a
acgatccgtcgcc	230	0	a
aaaacatgtgtgt	230	0	a
acaaagtcaaaat	229	0	a
aaggcctacaatc	229	0	a
cacacatgttttc	229	0	a
aaatcgtgtttat	0	229	b
aatgagtgacata	229	0	a
ccacaaaatctcc	229	0	a
ggccttggcgtac	229	0	a
acatgtgtctaaa	229	107	a
aaacatgtgtcta	228	111	a
ttaatttagctaa	228	107	a
ccgtgtggtacgc	228	0	a
aataaacacgatt	0	228	b
aaacacgatttgg	0	228	b
aatttagctaaaa	228	109	a
aattaattggctc	227	0	a
aaaacgatcgaga	227	0	a
aaattttgatttg	227	0	a
cttggcgtaccac	227	0	a
aaaggaataaaca	0	227	b
attaatttagcta	227	107	a
aaaactatgtcac	227	0	a
gtttattccttta	0	227	b
acggtctgtcggg	226	0	a
aaaaaacgatcga	226	0	a
atttagacacatg	226	104	a
atgataattaagg	226	0	a
ggccgtgtggtac	226	0	a
attgtaggccttg	226	0	a
aacggtctgtcgg	226	0	a
atttttggacccg	225	0	a
taatttagctaaa	225	106	a
gtaaaggaataaa	0	225	b
atcatacccaaac	225	0	a
aaactatgtcact	225	0	a
ccaaaaaacgatc	225	0	a
atgagtgacatag	225	0	a
ccttggcgtacca	225	0	a
aggcctacaatcc	225	0	a
caaatcgtgttta	0	225	b
gatcatacccaaa	225	0	a
taccacacggcca	224	0	a
aacatgtgtctaa	224	105	a
attcgaacaagta	224	0	a
agcgagtgagaaa	224	0	a
aactatgtcactc	223	0	a
cgtaccacacggc	223	0	a
atcgtgtttattc	0	223	b
ggaataaacacga	0	223	b
tacgccaaggcca	223	0	a
tcgggtccaaaaa	223	0	a
actatgtcactca	223	0	a
agtcgggtccaaa	222	0	a
aggaataaacacg	0	222	b
gtcgggtccaaaa	222	0	a
ccaattaatttag	222	101	a
aaggaataaacac	0	222	b
agtcaaaatctag	222	0	a
cccccaattgacc	222	0	a
aacggtcaattgg	221	0	a
aacgcattcaaat	221	0	a
ttttgtggaaaaa	221	0	a
acgcattcaaatc	221	0	a
taacgcattcaaa	221	0	a
tatatagctaaaa	221	0	a
cctagggcaaatc	220	0	a
attttgtggaaaa	220	0	a
cacaaagtcaaaa	220	0	a
ccaattaatataa	220	0	a
cgagatttcggcc	219	0	a
agatttcggcccc	219	0	a
caattaatttagc	219	100	a
gcccccaattgac	218	0	a
ataattaagggtc	218	0	a
ccccgacagaccg	217	0	a
aattttcaaggcc	217	0	a
gagatttcggccc	217	0	a
ccacaaagtcaaa	217	0	a
caaaaaacgatcg	216	0	a
ctttactagctca	103	216	b
aaccccataaaaa	216	0	a
tatttttccacaa	215	0	a
atgagctagtaaa	104	215	b
cccccgacagacc	215	0	a
cccttaattatca	215	0	a
aaatgagctagta	104	215	b
atttttccacaaa	215	0	a
atcgttttttggc	214	0	a
gatttcggccccc	214	0	a
ttacttgttcgaa	214	0	a
cccacaaagtcaa	213	0	a
aatgagctagtaa	102	213	b
acggatcgtcgta	213	0	a
tagttttcactaa	213	0	a
tcatacccaaaca	213	0	a
gattttgtggaaa	213	0	a
atgtttgggtatg	212	0	a
atagttttcacta	212	0	a
taaccccataaaa	212	0	a
ctatttttccaca	211	0	a
cgagaaggattca	209	0	a
acttgttcgaatc	209	0	a
gcccccgacagac	209	0	a
cttggacccttaa	209	0	a
acagaccgttttg	209	0	a
agacacatgtttg	208	0	a
cgagatggattca	208	0	a
agatttgccctag	208	0	a
gacatagttttca	206	0	a
ggacccttaatta	206	0	a
ctatgtttgggta	206	0	a
acgacgatccgtc	206	0	a
gttggaatattaa	206	0	a
acccaaacatagc	205	0	a
acccttaattatc	205	0	a
atacccaaacata	205	0	a
acggcgacggatc	204	0	a
gaaaactatgtca	204	0	a
gagattttgtgga	203	0	a
attaagggtccaa	203	0	a
acatagttttcac	203	0	a
agattttgtggaa	203	0	a
cccaaacatagcc	202	0	a
ccatcaattatga	202	0	a
agtgaaaactatg	202	0	a
gacgatccgtcgc	202	0	a
acgacgatctgcc	202	0	a
atacctaggaaaa	202	0	a
aatcccacaaagt	201	0	a
ccaaacatagccc	201	0	a
atttcggcccccc	200	0	a
attttcctaggta	200	0	a
atatatagctaaa	200	0	a
taattgatggcaa	200	0	a
gtcgccgttttaa	200	0	a
aaacggcgacgga	199	0	a
aattaagggtcca	199	0	a
aacggcgacggat	198	0	a
aatacctaggaaa	198	0	a
agggtacccctag	197	0	a
cgttggaatatta	197	0	a
aaaacggcgacgg	197	0	a
aattgatggcaaa	196	0	a
ccgagcccattaa	196	0	a
atgggtgaaaatg	196	0	a
aatcacccctatc	196	0	a
cataattgatggc	196	0	a
gacacatgtttgc	196	0	a
ggaaaatcgagcc	196	0	a
ataggggtgattc	195	0	a
agatggattcaga	195	0	a
agctagtaaagga	0	195	b
taggggtgattca	195	0	a
aggattcagaatc	195	0	a
ataattgatggca	195	0	a
aggggtgattcaa	195	0	a
aaggattcagaat	195	0	a
cagtcgggtccaa	195	0	a
atcacccctatcg	195	0	a
ccattttcaccca	195	0	a
cgatccgtcgccg	195	0	a
caattaatatata	195	0	a
aatccatctcggt	195	0	a
attaatgggctcg	194	0	a
cccgagcccatta	194	0	a
gctagtaaaggaa	0	194	b
agtagcgagtgag	194	0	a
cctttactagctc	0	193	b
aatgggctcgggg	193	0	a
caaggtcaaaatc	0	193	b
cgtcgccgtttta	193	0	a
gatggattcagaa	193	0	a
cgacgatccgtcg	193	0	a
agaaggattcaga	192	0	a
atccatctcggtc	192	0	a
atccgtctcgatc	192	0	a
agaccgttttggc	192	0	a
ctgaatccatctc	191	0	a
attcgaatgagta	191	0	a
gaaggattcagaa	191	0	a
ccgagatggattc	191	0	a
acataaccccata	190	0	a
attcctttactag	0	190	b
acaatgtcaaaat	190	0	a
atggattcagaat	189	0	a
aaggtcaaaatct	0	188	b
aatccgtctcgat	188	0	a
cagaccgttttgg	188	0	a
ataaccccataaa	188	0	a
ctgaatccttctc	188	0	a
aaagtcaaaatct	187	0	a
aaaataggattct	187	0	a
accccaacataac	187	0	a
tcggggggccgaa	187	0	a
atgggctcggggg	187	0	a
cataaccccataa	187	0	a
gattgagtaacga	186	0	a
atcaaaattttga	186	0	a
agattcagaatct	186	0	a
taatataagctaa	186	0	a
aacaaccaaatcc	0	186	b
tagcgagtgagaa	185	0	a
ggccccccgagcc	185	0	a
actcattcgaatc	185	0	a
ggacccgactgga	185	0	a
ccagtcgggtcca	185	0	a
gattctgaatcca	184	0	a
gagtagcgagtga	184	0	a
cgattcgaacaag	184	0	a
tagtaaaggaata	0	184	b
aattaatataagc	184	0	a
agtaaaggaataa	0	184	b
atcccacaaagtc	184	0	a
acggccaaaaaat	183	0	a
aattaatatatag	183	0	a
atatattaattgg	183	0	a
attcgattgagta	183	0	a
ttactcaatcgaa	183	0	a
gagtaacgatgga	183	0	a
atgagtaacggaa	0	183	b
atcgttactcaat	183	0	a
aatcgaatcgcac	183	0	a
gacagattcagaa	182	0	a
aacaggatttggt	0	182	b
caattaatataag	182	0	a
aaccaaatcctgt	0	182	b
aatataagctaaa	182	0	a
ccccccgagccca	182	0	a
cattttttggccg	182	0	a
tgagtaacggaaa	0	182	b
cagattcagaatc	182	0	a
gtagcgagtgaga	182	0	a
ccccaacataacc	182	0	a
aatcctgttcatt	0	181	b
acagattcagaat	181	0	a
caaatcctgttca	0	181	b
catcgttactcaa	181	0	a
aggtcaaaatcta	0	181	b
aaatcctgttcat	0	181	b
cccaacataaccc	181	0	a
ccaaatcctgttc	0	181	b
cgaccgagatgga	181	0	a
tcaaggcatacaa	181	0	a
ggccaaaaaatga	181	0	a
actcaatcgaatc	180	0	a
gcgattcgaacaa	180	0	a
caaccaaatcctg	0	180	b
ccatcgttactca	179	0	a
caatcgaatcgca	179	0	a
cggggggccgaaa	179	0	a
tgcgattcgaaca	179	0	a
agatcgtcgtgaa	179	0	a
agttcggcccctg	179	0	a
gttcggcccctga	179	0	a
aattttcaaggca	179	0	a
taatacctaggaa	179	0	a
cagatcgtcgtga	178	0	a
aagctaaaatggc	178	0	a
tcccacaaagtca	178	0	a
caaagtcaaaatc	178	0	a
cggccccccgagc	178	0	a
ctcggggggccga	178	0	a
aattttgatttga	178	0	a
taccccaacataa	178	0	a
tgtatgccttgaa	178	0	a
ctagattttgacc	0	177	b
tatgccttgaaaa	177	0	a
ggtgaaaatggaa	177	0	a
aagaaatgaacag	0	177	b
atgccttgaaaat	177	0	a
acaaccctacaat	177	0	a
tacaaccctacaa	177	0	a
gcgattcgattga	177	0	a
tagcttatattaa	177	0	a
aacataaccccat	177	0	a
cacgacgatctgc	177	0	a
acaaccaaatcct	0	177	b
gaaatgaacagga	0	177	b
agaaatgaacagg	0	176	b
agcttatattaat	176	0	a
aaatgaacaggat	0	176	b
attaatacctagg	176	0	a
tcctaggtattaa	176	0	a
agacagattcaga	176	0	a
cgattcgattgag	176	0	a
caacataacccca	175	0	a
gtcaggggccgaa	175	0	a
gtatgccttgaaa	175	0	a
aaaattgagattt	175	0	a
aatatatagctaa	175	0	a
attaatatatagc	175	0	a
atataagctaaaa	174	0	a
aagtaacgagtga	174	0	a
attttgatttgaa	173	0	a
aaccgaccgagat	173	0	a
cgatcgagacgga	173	0	a
gccccccgagccc	173	0	a
caaggcatacaac	173	0	a
ccaacataacccc	173	0	a
atacaaccctaca	173	0	a
gatcacaccccaa	173	0	a
tgatcacacccca	172	0	a
taatatatagcta	172	0	a
ctgaatctgtctc	172	0	a
gggtgaaaatgga	172	0	a
aggcatacaaccc	171	0	a
accccataaaaaa	171	0	a
gcccctgacggac	171	0	a
tacaatgtcaaaa	171	0	a
taggataggtaca	171	0	a
accgaccgagatg	170	0	a
atcacaccccaac	170	0	a
ggcccctgacgga	169	0	a
cgtcaggggccga	169	0	a
agggttgtatgcc	169	0	a
aaggcatacaacc	169	0	a
gcatacaacccta	169	0	a
agctatatattaa	168	0	a
aatctgatcacac	167	0	a
gcgagtgagaaac	167	0	a
ccgtcaggggccg	167	0	a
ccgataggggtga	167	0	a
ggagaaacggcaa	166	0	a
cctacaatgtcaa	166	0	a
aagtcaaaatcta	166	0	a
catacaaccctac	166	0	a
atctgatcacacc	166	0	a
gccaaaaaatgac	166	0	a
atggagaaacggc	165	0	a
acccctatcgggt	165	0	a
gggtgtgatcaga	165	0	a
gacgatctgccgc	165	0	a
cacccctatcggg	165	0	a
ccattttagctta	164	0	a
ccatctcggtcgg	164	0	a
actcacccgatag	164	0	a
tgccgtttctcca	164	0	a
attttagcttata	164	0	a
tactcacccgata	164	0	a
aggataggtacat	164	0	a
cctatcgggtgag	163	0	a
ctgatcacacccc	163	0	a
attttcaaacggc	163	0	a
attcaaatcaaaa	163	0	a
ccctatcgggtga	163	0	a
ccctacaatgtca	162	0	a
atgcgttaggctc	162	0	a
cacccgatagggg	162	0	a
aaacatagccctt	162	0	a
aatcaaaattttg	162	0	a
aaccctacaatgt	161	0	a
ctacaatgtcaaa	161	0	a
caaatgagtaaaa	161	0	a
ttccatttagaaa	0	161	b
accctacaatgtc	161	0	a
tagcccttaaaaa	161	0	a
ccgtttctccatc	161	0	a
caaccctacaatg	160	0	a
gattgtaaggcca	160	0	a
attttaaaatggc	160	0	a
ccaaaaaatgacc	159	0	a
aaatggaatacat	0	159	b
caagtggccttac	159	0	a
attgtaaggccac	159	0	a
ccatcaataatga	159	0	a
aaaaaatgaccga	159	0	a
aaaaatgaccgag	159	0	a
aagtggccttaca	159	0	a
agtggccttacaa	159	0	a
aaacgatcgagac	159	0	a
gcaaatgagtaaa	158	0	a
gaatctgatcaca	158	0	a
caaaaaatgaccg	158	0	a
tgacgtttctaaa	0	157	b
ttactcgtttgaa	157	0	a
attcaaacgagta	157	0	a
ggcaaatgagtaa	157	0	a
actcgtttgaatc	157	0	a
ataagctaaaatg	157	0	a
ccttgaacttgcg	0	157	b
acgcaagttcaag	0	157	b
gggcaaatgagta	157	0	a
aaaatgaccgaga	157	0	a
aacgatcgagacg	156	0	a
aattttgacattg	156	0	a
agaatctgatcac	156	0	a
attccatttagaa	0	156	b
ttaacgcattcaa	156	0	a
atttagaaacgtc	0	156	b
acgatcgagacgg	156	0	a
ctaaatggaatac	0	155	b
aaagagtgagaaa	155	0	a
gaaatggcaaaaa	155	0	a
aaattgagatttc	155	0	a
taaatggaataca	0	155	b
gtttctaaatgga	0	155	b
acgtttctaaatg	0	154	b
gttactcaatcga	154	0	a
agaaatggcaaaa	154	0	a
tattccatttaga	0	154	b
cgccgtttgaaaa	154	0	a
ccatttagaaacg	0	154	b
agcccttaaaaaa	153	0	a
cccttaaaaaaga	153	0	a
aacgatggagaaa	153	0	a
catgattcttgga	152	0	a
aatcttttttaag	152	0	a
agtaacgatggag	152	0	a
cgacgatctgccg	152	0	a
gaaaatttagaca	151	0	a
atcgagatttcag	151	0	a
cctagggtacccc	151	0	a
tgtcgggggcaaa	151	0	a
atcttttttaagg	151	0	a
aacatagccctta	151	0	a
gtaacgatggaga	151	0	a
aaatgaccgagac	150	0	a
taaagagtgagaa	150	0	a
aataaccgaccga	150	0	a
ataaccgaccgag	150	0	a
taaccgaccgaga	150	0	a
agggctatgtttg	150	0	a
cattcaaatcaaa	150	0	a
gctgaaatctcga	149	0	a
atcgaatcgcacg	149	0	a
cgccattttaaaa	149	0	a
aaattttgacatt	149	0	a
tgtagggttgtaa	149	0	a
ccgccgtttgaaa	149	0	a
caataaccgaccg	148	0	a
cttaacgcattca	148	0	a
gccaataaccgac	148	0	a
atgattcttggac	148	0	a
cattattgatggc	148	0	a
gagaaatggcaaa	148	0	a
ggccaataaccga	148	0	a
gaatgcgttaagc	148	0	a
ccattttaaaatc	148	0	a
gcttacaacccta	147	0	a
acacggccaataa	147	0	a
tctgtcgggggca	147	0	a
tcgagatttctca	147	0	a
taacgatggagaa	147	0	a
ctgtcgggggcaa	147	0	a
gaatcttttttaa	147	0	a
gtaaagagtgaga	147	0	a
gcattcaaatcaa	147	0	a
taggggtacccta	147	0	a
ccaataaccgacc	146	0	a
agtaaagagtgag	146	0	a
aggcttacaaccc	146	0	a
aaggcttacaacc	146	0	a
ttccacgtagaaa	0	146	b
aagagtgagaaac	146	0	a
gcgattcgaatga	146	0	a
cgattgagtaacg	146	0	a
cattcgaatcgca	146	0	a
acgatggagaaac	146	0	a
agggttgtaagcc	146	0	a
actggaatagcaa	0	146	b
attcgaatcgcac	145	0	a
gaatccgtctcga	145	0	a
aggggtaccctag	145	0	a
atgagaaatctcg	145	0	a
atgaccgagacgg	145	0	a
caaggcttacaac	145	0	a
aaaatagttgaaa	0	145	b
gaacaagtaacga	145	0	a
agctgaaatctcg	145	0	a
aatgaccgagacg	145	0	a
accattgtgaatc	144	0	a
gttacttgttcga	144	0	a
cttacaaccctac	144	0	a
cgaacaagtaacg	144	0	a
tattccacgtaga	0	143	b
cggccaataaccg	143	0	a
cgattcgaatgag	143	0	a
ggtccaagaatca	143	0	a
cttgtcgtttcta	0	143	b
attccagtgataa	0	143	b
cgatggagaaacg	143	0	a
ccacgtagaaacg	0	142	b
gctattccagtga	0	142	b
acggccaataacc	142	0	a
cgcattcaaatca	142	0	a
tatcactggaata	0	142	b
gccgccgtttgaa	142	0	a
gtttctacgtgga	0	142	b
attccacgtagaa	0	142	b
agattcacaatgg	142	0	a
atcactggaatag	0	142	b
gtcagattctgaa	142	0	a
gacggaaaacata	142	0	a
gtagaaacgacaa	0	141	b
atgttttccgtcc	141	0	a
cttttttaagggc	141	0	a
catgtagaaacga	0	141	b
ggtcagattctga	141	0	a
ggattgtaaggcc	141	0	a
cactggaatagca	0	141	b
aaacgacaagcac	0	140	b
atggtttttgaaa	140	0	a
agaaacgacaagc	0	140	b
gtctaaattttca	140	0	a
atagcccttaaaa	140	0	a
aatgcgttaagct	140	0	a
gacaagcaccggc	0	139	b
acggaaaacatac	139	0	a
attttaccgacga	139	0	a
acaagcaccggct	0	139	b
aattttaccgacg	139	0	a
aatggtttttgaa	139	0	a
atgtagaaacgac	0	139	b
atggcggcggatc	139	0	a
aacgacaagcacc	0	139	b
attggccgtgtgg	139	0	a
catagcccttaaa	138	0	a
gaaacgacaagca	0	138	b
atcggatgagtaa	0	138	b
caaacgagtaacg	138	0	a
aatgtacctatcc	138	0	a
cacggccaataac	138	0	a
acatagcccttaa	138	0	a
acaatggtttttg	138	0	a
gatcgtcggtaaa	138	0	a
gtttcaaaaacca	138	0	a
gttactcgtttga	138	0	a
caaaatagttgaa	0	138	b
cgccgccgtttga	138	0	a
aaatctagatttc	138	0	a
tgtagaaacgaca	0	137	b
tgagaaatggcaa	137	0	a
cctaggggtacca	137	0	a
atcgtcggtaaaa	137	0	a
cacacggccaata	137	0	a
acgacaagcaccg	0	137	b
caaacggcggcgg	137	0	a
ccggtgcttgtcg	0	137	b
acccaactgaccc	0	136	b
attgaaatattaa	136	0	a
gatgagtagcaga	136	0	a
acaagtaacgagt	136	0	a
caagtaacgagtg	136	0	a
taaattttaccga	136	0	a
tgaaaataaaaaa	136	0	a
acgatcgacttct	0	136	b
aacaagtaacgag	136	0	a
aaacgagtaacga	136	0	a
aaacggtccgtca	136	0	a
aaccaccacacat	0	135	b
aaaatgtacctat	135	0	a
acgtggaatacat	0	135	b
tgaaacatcaaaa	135	0	a
acgtagaaacgtc	0	135	b
cgagacagattca	135	0	a
tcaaaatagttga	0	134	b
aaattttaccgac	134	0	a
acgggtctcaaga	0	134	b
cgtagaaacgtca	0	134	b
aaatcaagcttaa	134	0	a
cttgagacccgta	0	134	b
aaaaaccattgtg	134	0	a
tgtagccccataa	134	0	a
ttgatgtttcaaa	134	0	a
aatgtgtggtggt	0	134	b
attaatatttcaa	134	0	a
ctacgtggaatac	0	134	b
caaaattttgaca	134	0	a
gtggaatacatca	0	134	b
gtcaaaattttga	134	0	a
tacgtggaataca	0	134	b
aaaattttgacat	133	0	a
aaatgagtaaaaa	133	0	a
aagaagtcgatcg	0	133	b
gttactcatccga	0	133	b
caacggcaagaag	0	133	b
tcatgcgattcga	133	0	a
aacggtccgtcag	133	0	a
aatctgtctcggt	133	0	a
ggcttcgttatca	0	133	b
cgtggaatacatc	0	133	b
attaatacctaaa	133	0	a
gggggaatacacc	0	132	b
caggtgtattccc	0	132	b
aaaccattgtgaa	132	0	a
aaatgtgtgaaaa	132	0	a
gttatcactggaa	0	132	b
cccctgacggacc	132	0	a
caatggtttttga	132	0	a
aaatgtacctatc	132	0	a
ccaagaatcatgc	131	0	a
ttgaaacatcaaa	131	0	a
gcttcgttatcac	0	131	b
gtgcgattcaaac	131	0	a
aatcaagcttaac	131	0	a
aatcgcatgattc	131	0	a
aaaaccattgtga	131	0	a
cgatccgccgcca	131	0	a
cgttatcactgga	0	131	b
agaatcatgcgat	131	0	a
aaccattgtgaat	131	0	a
agtgataacgaag	0	131	b
taagccttgaaaa	131	0	a
attttgatgtttc	131	0	a
acgtttctacgtg	0	131	b
atttcagctaggg	131	0	a
ctagtcctattta	131	0	a
atcctattccttc	130	0	a
tgtaaaaataaaa	0	130	b
tcgtgcgattcaa	130	0	a
cgtgcgattcaaa	130	0	a
cctagctgaaatc	130	0	a
accacacattccc	0	130	b
caccacacattcc	0	130	b
ataacgtagtcgg	0	130	b
ccgagacagattc	130	0	a
cccaactgacccc	0	130	b
ccaccacacattc	0	130	b
attagatttgaat	130	0	a
atcgtgcgattca	130	0	a
tgtaagccttgaa	129	0	a
aagccccgactac	0	129	b
gtcaagccccgac	0	129	b
acgtagtcggggc	0	129	b
cccgactacgtta	0	129	b
cgactacgttatc	0	129	b
gtgaaaatttaga	129	0	a
tcaaggcttacaa	129	0	a
caagccccgacta	0	129	b
acggtccgtcagg	129	0	a
accaactgaacaa	0	129	b
aatccttctcggt	129	0	a
aacgtagtcgggg	0	129	b
aagccttgaaaat	129	0	a
cgataacgtagtc	0	129	b
aatgtgtgaaaat	129	0	a
ccatttctcactc	129	0	a
agtcggggcttga	0	129	b
agccccgactacg	0	129	b
ccctgacggaccg	129	0	a
ataagggaatgtg	0	129	b
cgtcaagccccga	0	129	b
gtaagccttgaaa	129	0	a
cagagaagatatg	128	0	a
aaagattcacaat	128	0	a
agtcctatttaga	128	0	a
actacgttatcgc	0	128	b
ccaaacccctctc	0	128	b
agccttgaaaata	128	0	a
aaatagttgaaac	0	128	b
caagaatcatgcg	128	0	a
cagtgataacgaa	0	128	b
atatcttctctgc	128	0	a
agaaggaatagga	128	0	a
aattctatttcca	128	0	a
aagaatcatgcga	128	0	a
ataggggtacccc	127	0	a
aatctagatttcg	127	0	a
agatttctcatag	127	0	a
aatttatttttaa	127	0	a
cgcaccgcatcaa	0	127	b
cataggggtaccc	127	0	a
ggatcgtcggtaa	127	0	a
taaattttcagga	127	0	a
caactattttgac	0	126	b
cctattccttcta	126	0	a
agatttcggcttc	126	0	a
gtttccttgtaga	126	0	a
tattagagtaaaa	126	0	a
cagctaggggtac	126	0	a
tattgcagcaata	0	126	b
aactattttgacc	0	126	b
tacccctagctga	126	0	a
ggcaaaaacgata	126	0	a
ccagtgataacga	0	126	b
acgctatcaactg	0	126	b
agacgctatcaac	0	126	b
aatcatgcgattc	126	0	a
aaccttcttgaat	0	126	b
tcacaccccaaca	125	0	a
cattccgcaccgc	0	125	b
agttgatagcgtc	0	125	b
cgctatcaactga	0	125	b
gagatttctcata	125	0	a
actattttgacca	0	125	b
aacacaagcaatt	0	125	b
aatgaatgaaaat	0	125	b
acccctagctgaa	125	0	a
gcaataacgaaga	0	125	b
aaaaacgatacgt	125	0	a
ccgagaaggattc	125	0	a
agatttcagctag	125	0	a
ctagaaggaatag	125	0	a
atctgtctcggtc	125	0	a
gacggaaaatgta	125	0	a
ctgctactcatcc	125	0	a
gagatttcagcta	125	0	a
aaatgaatgaaaa	0	125	b
aaagtgatagtct	125	0	a
gctactcattcga	125	0	a
aaattaaacttaa	0	125	b
ccaactgaacaag	0	125	b
cccctagctgaaa	125	0	a
aagccaattaata	125	0	a
atattagagtaaa	124	0	a
agagccaattaat	124	0	a
atttgaacgagta	124	0	a
gatttcggcttcc	124	0	a
cctatgagaaatc	124	0	a
gctaggggtaccc	124	0	a
aaaatcgagctta	124	0	a
acggaaaatgtac	124	0	a
aaatagaattcta	124	0	a
caaaaacgatacg	124	0	a
agcagagaagata	124	0	a
aattggctcgggc	124	0	a
acgaagacggtgc	0	124	b
aaatggcggcgga	124	0	a
acattttccgtcc	124	0	a
cgacctaaaggcc	124	0	a
attagagtaaaac	124	0	a
atcatgcgattcg	124	0	a
tatcctgaactga	0	124	b
cgacgtttctaca	0	124	b
cacgtgtcctcgc	0	124	b
aacgaagacggtg	0	124	b
catcaaaatcgga	124	0	a
cgtgaaaatttag	123	0	a
atttctcataggg	123	0	a
tatggtcaaaata	0	123	b
aagcttaacgcat	123	0	a
cccctatgagaaa	123	0	a
agaaacgtcgagc	0	123	b
ctgttctttgtaa	0	123	b
catttctcactcg	123	0	a
ataacgaaaccgg	0	123	b
aaattcaagaagg	0	123	b
aatagttgaaacg	0	123	b
aagattcacaatg	123	0	a
agctaggggtacc	123	0	a
gtagaaacgtcga	0	123	b
acgtttcaactat	0	123	b
atctagatttcgg	123	0	a
atcaaaatcggac	123	0	a
gcaagatcaccta	0	123	b
aacgtttcaacta	0	123	b
gttgggttttgga	0	122	b
acaccccaacata	122	0	a
aaaagtaatattt	0	122	b
cccaatcgcatga	0	122	b
gagggtccaagaa	122	0	a
caataacgaagac	0	122	b
gggaaaattctta	0	122	b
ccgcaccgcatca	0	122	b
aaacatcaaaatc	122	0	a
acatagttcggcc	122	0	a
aaaaaatgagtga	122	0	a
ggcccgacctaaa	122	0	a
ccgacctaaaggc	122	0	a
agagtaaaacgca	122	0	a
gatgcggtgcgga	0	122	b
ctcgacgtttcta	0	122	b
gttgaaacgttaa	0	122	b
accccaatcgcat	0	122	b
aataacgaagacg	0	122	b
aagatcacctaac	0	122	b
gcaaaaacgatac	122	0	a
aaaagatatggtc	0	122	b
aatgagtaaaaat	122	0	a
ctaaataggacta	122	0	a
agttgaaacgtta	0	121	b
caaccttcttgaa	0	121	b
gcgattggggtga	0	121	b
cagagccaattaa	121	0	a
ttattcgagtaaa	0	121	b
aaagatatggtca	0	121	b
gcgttttactcta	121	0	a
attggctcgggca	121	0	a
agttggaatatca	0	121	b
ctttacttaagaa	0	121	b
cggatgagtagca	121	0	a
aaaacatacctat	121	0	a
catgcgattgggg	0	121	b
aacatcaaaatcg	121	0	a
catattagagtaa	121	0	a
gggcccgacctaa	121	0	a
ccttttaataata	0	121	b
tttaaaataaaaa	0	121	b
caagatcacctaa	0	121	b
caattaattaata	0	121	b
ctagtagcgatga	121	0	a
cttattcgagtaa	0	121	b
ggccttgaaaata	121	0	a
aattctaaggcca	121	0	a
caccccaatcgca	0	121	b
aagatatggtcaa	0	121	b
acatcaaaatcgg	121	0	a
cgttttactctaa	121	0	a
atatggtcaaaat	0	121	b
aaaatcaatattt	0	121	b
cctataaatagag	0	121	b
gaatgagtagcga	120	0	a
atatttacgtttc	120	0	a
gatatggtcaaaa	0	120	b
actttaaaaaaaa	0	120	b
aatggcggcggat	120	0	a
gcgttaagcttga	120	0	a
cttaagaattttc	0	120	b
atcaagcttaacg	120	0	a
aaagaacacaagc	0	120	b
ctgcccgagccaa	120	0	a
aatacctaaaaaa	120	0	a
aggctcgattttc	120	0	a
atggtcaaaatag	0	120	b
tatttacgtttca	120	0	a
attctatttccaa	120	0	a
ccagagccaatta	120	0	a
aatagaattctaa	120	0	a
gcctataaataga	0	120	b
cttaacgtttcaa	0	120	b
tgaccatgcccca	120	0	a
aagaattttccca	0	120	b
aagttcgaggagt	0	120	b
acccctatgagaa	120	0	a
aaacgtaaatatc	120	0	a
tcttaacgtttca	0	120	b
caagcttaacgca	120	0	a
gtagcgatgaaga	119	0	a
tactctaatatga	119	0	a
tacccctatgaga	119	0	a
atttttttttttc	119	0	a
atgttggggtgtg	119	0	a
agttcaggataac	0	119	b
acgtgtcctcgct	0	119	b
aaattttcaggac	119	0	a
accatatcttttc	0	119	b
atctgaccatgcc	119	0	a
ctctaatatgatc	119	0	a
cgtaaatatcgga	119	0	a
aagagttctttct	0	119	b
aatcttggaccct	119	0	a
aaacatcaagcaa	0	119	b
ggtacccctatga	119	0	a
atcctgaactgac	0	119	b
agtagcgatgaag	119	0	a
actctaatatgat	119	0	a
tctctgctactca	119	0	a
acggcggatcgtc	119	0	a
aaagaacagtgtt	0	119	b
acctgaaactcgt	0	119	b
atcttcatcgcta	119	0	a
agatatggtcaaa	0	119	b
aatcttcatcgct	119	0	a
aagatttggtgga	119	0	a
agagaagatatgg	119	0	a
agaatctgaccat	119	0	a
aaaatgggaaatt	0	119	b
aatctgaccatgc	119	0	a
atatattaaatta	0	119	b
actcgaataagat	0	119	b
caaaatcagacta	119	0	a
aaacatacctatc	119	0	a
agaattctatttc	119	0	a
ctcataggggtac	119	0	a
gccgaaatctaga	119	0	a
cacatagttcggc	118	0	a
tagtagcgatgaa	118	0	a
gctattgcagcaa	0	118	b
atacctatcctag	118	0	a
cacctgaaactcg	0	118	b
tattaatatttca	118	0	a
cagaatctgacca	118	0	a
cgatcttattcga	0	118	b
gaccatgccccaa	118	0	a
ataataaaataat	118	0	a
caaatgtgtgaaa	118	0	a
actcgctactcat	118	0	a
gaaaatgtaccta	118	0	a
aaatcttcatcgc	118	0	a
aatgagtagcgag	118	0	a
agtgagaaatggc	118	0	a
accaaatcttcat	118	0	a
cccgacctaaagg	118	0	a
aattaaaaatata	0	118	b
ctcgaataagatc	0	118	b
cggtttcgttatc	0	118	b
aaatcgagcctaa	118	0	a
agttatcctgaac	0	118	b
aagggtccaagat	118	0	a
aacgtaaatatcg	118	0	a
aggtacattttcc	118	0	a
atcctagaaggaa	118	0	a
cagttatcctgaa	0	118	b
gggcatggtcaga	118	0	a
aatctattctaac	0	118	b
acgtaaatatcgg	117	0	a
aaaatcgagccta	117	0	a
gaagtcgatctta	0	117	b
tactcgaataaga	0	117	b
attgcagcaataa	0	117	b
actgttctttgta	0	117	b
tgctattgcagca	0	117	b
aaatgaatcggag	117	0	a
cagctctctccaa	0	117	b
gtacatctatcaa	117	0	a
agctctctccaac	0	117	b
cactcgctactca	117	0	a
ggtttggttatga	0	117	b
cgtgtcagttatc	0	117	b
cctgaaaatttac	117	0	a
aataagatcgact	0	117	b
ccgtcggtaatta	0	117	b
ctactcattcgaa	117	0	a
aatcctagaagga	117	0	a
attaatattaata	0	117	b
ccaaatcttcatc	117	0	a
atcgagcctaacg	117	0	a
agtagcagagaag	117	0	a
aagtcgatcttat	0	117	b
catagttcggccc	117	0	a
attcagctgaatg	0	117	b
aaaaaatatttta	0	117	b
atagaattctaag	117	0	a
aactcctcgaact	0	117	b
ccttagaattcta	117	0	a
gcaatcaaccgaa	0	117	b
tatcctagtctga	117	0	a
cggcccaaacgaa	117	0	a
acggatggagtat	117	0	a
agttagaatagat	0	117	b
taaaaataaatta	117	0	a
gaattctaaggcc	117	0	a
caccaaatcttca	117	0	a
gctgcccgagcca	117	0	a
gagtagcagagaa	117	0	a
ccaccaaatcttc	116	0	a
catggtcagattc	116	0	a
atcttctctgcta	116	0	a
atttcggcttccc	116	0	a
gagtttcagaaca	0	116	b
cggatcgtcggta	116	0	a
acactgttctttg	0	116	b
gaattctatttcc	116	0	a
gattttaaaatga	116	0	a
ttaaaaataataa	0	116	b
agaattctaaggc	116	0	a
tacatttggtaca	0	116	b
acaaagaacagtg	0	116	b
gtagcagagaaga	116	0	a
ccggtgcttgaca	116	0	a
aataatataataa	116	0	a
taatacctaaaaa	116	0	a
ttaatacctaaaa	116	0	a
aacatacctatcc	116	0	a
gattttattttta	0	116	b
agcgtaactcctc	0	116	b
atgtgtgaaaatg	116	0	a
cggaaaatgtacc	116	0	a
ggctcgggcagcc	116	0	a
gtaaagaacacaa	0	116	b
aagccgaaatctc	116	0	a
atgagtagcagag	116	0	a
gagatgattcaaa	0	116	b
cagtttgaaagaa	0	116	b
ctattctaactca	0	116	b
gaataagatcgac	0	116	b
aaaataaaaaaga	0	116	b
atcagactaggat	116	0	a
cgtctccgccttc	0	116	b
accctaggagaaa	116	0	a
accggtttcgtta	0	116	b
aagaacagtgttg	0	116	b
atatagagagaga	116	0	a
cgtaccaaaagta	0	116	b
gttcgaggagtta	0	115	b
acttaacgcatcc	0	115	b
gtaactcctcgaa	0	115	b
aaattgcttgtgt	0	115	b
aatcattaatgat	115	0	a
aacttaacgcatc	0	115	b
ctgaccatgcccc	115	0	a
aagaagaagatga	0	115	b
cggaaccgaaccg	115	0	a
cgagggtccaaga	115	0	a
cgaatgagtagcg	115	0	a
aatgaatcggagg	115	0	a
aacatcaagcaac	0	115	b
ctttaggtcgggc	115	0	a
aacgaaaccggtg	0	115	b
aagaacacaagca	0	115	b
acgagatgattca	0	115	b
atatcataaccaa	0	115	b
acatacctatcct	115	0	a
gaaacgtcgagca	0	115	b
aaacttaacgcat	0	115	b
tcagttagtataa	0	115	b
ccttctaggattc	115	0	a
attgctgcaatag	0	115	b
atcataaccaaac	0	115	b
cctctatttatag	0	115	b
attccaaaaccca	0	115	b
cgaataagatcga	0	115	b
atttggattatta	115	0	a
ctgaaaatttaca	115	0	a
aaagaaaaataat	0	115	b
cgttattgctgca	0	114	b
agtctgattttga	114	0	a
acctaacttcttg	0	114	b
aaaatcgacgggg	0	114	b
aacttattgaaaa	114	0	a
gggggggaataca	0	114	b
agtgaaacgaact	0	114	b
aatcgagcctaac	114	0	a
attttcaggacga	114	0	a
atcgtcctgaaaa	114	0	a
ctaagtctttgga	0	114	b
gagttagaataga	0	114	b
aaatcgacgggga	0	114	b
taaataattataa	114	0	a
acgaaaccggtgc	0	114	b
accgacgatccgc	114	0	a
agcgttcaaacag	0	114	b
gtcactcttgaga	0	114	b
cgggaagccgaaa	114	0	a
aattttcaggacg	114	0	a
gaatcttggaccc	114	0	a
attcagctgaatc	0	114	b
accaaaaccacta	0	114	b
caagttcgaggag	0	114	b
caaatcttcatcg	114	0	a
gagaaattagata	0	114	b
catacctatccta	114	0	a
gcagcaataacga	0	114	b
atgtttgtcatca	114	0	a
aaattgagaaatt	0	113	b
agacgtttctaca	0	113	b
cttcaccttcttc	0	113	b
cgagcctaacgca	113	0	a
aggataactgaca	0	113	b
ggatcgtcctgaa	113	0	a
aagtcttgaagag	0	113	b
atgatattccaac	0	113	b
taaattcgtacca	113	0	a
ccattaaaatcca	0	113	b
gcgataacgaaac	0	113	b
tgagtagcggaaa	113	0	a
tgagacccgtaaa	0	113	b
ataaaataaatta	0	113	b
agcaccggtttcg	0	113	b
cgataacgaaacc	0	113	b
atgtcaagcaccg	113	0	a
gcgttcaaacagc	0	113	b
gcatccaaatcaa	113	0	a
agccgaaatctag	113	0	a
aaatcagactagg	113	0	a
aatgtcaagcacc	113	0	a
cgtaactcctcga	0	113	b
actcgttcaaatc	113	0	a
aataaagaaaaaa	0	113	b
aaatattaatacc	113	0	a
gaaatattaatac	113	0	a
gtctcaagagtga	0	113	b
aaggaataggatc	113	0	a
ataaccaaacccc	0	113	b
attttccgtccac	113	0	a
gttggccaaataa	0	113	b
atagttcggcccc	113	0	a
gcgttaggctcga	113	0	a
cgaggagttacgc	0	113	b
taaattttaaaaa	113	0	a
gttattgctgcaa	0	113	b
tttacgtttcaaa	113	0	a
gtaaatatcggac	113	0	a
ggattttaatgga	0	113	b
ataattattttta	0	112	b
aaaatggtccgtc	112	0	a
aaaatcagactag	112	0	a
aaatgggaaatta	0	112	b
attaataatccaa	112	0	a
gcagttcgtttca	0	112	b
agatatgtataga	112	0	a
tatgatattccaa	0	112	b
aaatcaaatcaaa	112	0	a
aaatggcaaaaac	112	0	a
tatcataaccaaa	0	112	b
aaaaaaatgaaat	112	0	a
tggttttggtaca	0	112	b
atggaataaatca	0	112	b
aactgtgctcaca	0	112	b
ccgagggtccaag	112	0	a
agtccgatattta	112	0	a
aatcagactagga	112	0	a
gatcgtcctgaaa	112	0	a
atgaatgaaaatg	0	112	b
aaatcgatcgtat	0	112	b
cagcgttcaaaca	0	112	b
aaggcccaatcca	112	0	a
atgaaaatataat	0	112	b
aatacgatcgatt	0	112	b
agttggccaaata	0	112	b
aaaaaaattgaat	0	112	b
agctcggcccaca	112	0	a
gggggtaccccta	112	0	a
agtggttttggta	0	112	b
aaaaatagaaaaa	0	112	b
attaaaaataata	0	112	b
atatttttttttc	0	112	b
aaacttattgaaa	112	0	a
gggttttggaata	0	112	b
ataaaaaaaaaac	0	112	b
atgggaaattaaa	0	112	b
atggtgaaagaaa	0	112	b
aaaaaacaaaaca	111	0	a
gaaacgaactgca	0	111	b
aataataaaaaat	111	0	a
atcgcatgagtaa	0	111	b
gtcaactaataaa	0	111	b
ccaatcgcatgag	0	111	b
aaattggacgaga	0	111	b
tctttgtaccaaa	0	111	b
atttctttcacca	0	111	b
cgagatgattcaa	0	111	b
gttactcatgcga	0	111	b
ctaggggtaccac	111	0	a
ctgtccacatcaa	0	111	b
ttaataatccaaa	111	0	a
agaatttagataa	0	111	b
agtaaagaacaca	0	111	b
atcgatcgtattc	0	111	b
aaatctatatata	0	111	b
agcgataacgaaa	0	111	b
ataaaataattaa	111	0	a
aataataactgaa	0	111	b
cggctgcccgagc	111	0	a
aggtcactcttga	0	111	b
atctactcggttg	0	111	b
aaaacttagtgaa	111	0	a
ttctttgtaccaa	0	111	b
aaaatataataat	0	111	b
actcatgcgattg	0	111	b
attaaattggacg	0	111	b
ataataatatata	0	111	b
aatgtgaattcac	0	111	b
aaatataaaatta	111	0	a
gtaccaaaaccac	0	111	b
aaaaaattatatt	0	111	b
gccgttggagaga	0	111	b
aggggtaccacta	111	0	a
aaatatcggacta	111	0	a
aatcgcatgagta	0	111	b
ccccacatagttc	110	0	a
tagcccataaaaa	110	0	a
cgcatgagtaacg	0	110	b
atttatttattaa	0	110	b
aaataaagatttg	0	110	b
atttacgtttcaa	110	0	a
tcaggataactga	0	110	b
aaattttgaaaaa	0	110	b
cctagtggtaccc	110	0	a
agtggtaccccta	110	0	a
gtagaaacgtcta	0	110	b
tcgtccaatttaa	0	110	b
aactatgtgggga	110	0	a
tatgtatagagaa	110	0	a
aaataaaaaatca	110	0	a
aaaaaattattat	0	110	b
aaaaaaggaaaca	0	110	b
ctttgtaccaaaa	0	110	b
acacttatcgtgg	110	0	a
atataaaaataaa	0	110	b
attatttaataaa	0	110	b
gttttggtacaaa	0	110	b
acaaagaagtcga	0	110	b
ttctaaaaaaaaa	0	110	b
acaaaaataaata	110	0	a
atgagatgcacca	0	110	b
atttttatttaaa	0	110	b
aacggcaagaagt	0	110	b
attgcttgtgttc	0	110	b
tacgtttcaaaaa	110	0	a
aatcaatgtgtat	0	110	b
aaaaaaaattgtt	0	110	b
gtcaaaatcagac	110	0	a
aaataagtgattc	0	110	b
agagatagagaga	0	110	b
gctatcaactgac	0	110	b
catgagtaacgga	0	110	b
atttaaaattaaa	110	0	a
actcttcaagact	0	110	b
agaacacaagcaa	0	110	b
aaagtggaataaa	0	110	b
ccgttactcatgc	0	110	b
ataatttaatata	0	110	b
agtcttccaaccc	0	110	b
aatggatgaaaat	109	0	a
ataataataaata	109	0	a
cataaccaaaccc	0	109	b
atataaaaaaata	0	109	b
gaaaaataattaa	0	109	b
atatgtatagaga	109	0	a
aaaatggccagac	0	109	b
aaatataataaat	0	109	b
ctagacgtttcta	0	109	b
taatcattaatga	109	0	a
taccctaggagaa	109	0	a
accgagtagatga	0	109	b
aaaaattattatt	0	109	b
atcatgttcattc	109	0	a
aaaaatgggaaat	109	0	a
atgcggccgcatg	0	109	b
taaaaatgggaaa	109	0	a
gtttaatttccca	0	109	b
aagtgaaacgaac	0	109	b
taaaaaaacaaaa	109	0	a
cgaatcacacgaa	109	0	a
tggaatatcataa	0	109	b
acataatttaaaa	0	109	b
aacgaactgcaat	0	109	b
cagaatctaatca	109	0	a
cagttcgtttcac	0	109	b
ctcgtccaattta	0	109	b
gagaggagagaga	109	0	a
cacttatcgtgga	109	0	a
attaaaaaaaatc	109	0	a
atcatgataaggg	0	109	b
atagagaatccta	109	0	a
acatcaacgatca	0	109	b
taattctttctca	109	0	a
ctatcaactgaca	0	109	b
aaccgagtagatg	0	109	b
gaggcgtcctcca	0	109	b
ctagtggtacccc	109	0	a
gagccgaaatcta	109	0	a
atcgttgatgtgg	0	109	b
ctcaagagtgacc	0	109	b
tcatgataaggga	0	109	b
attcagaatctaa	109	0	a
aactgaactgaaa	0	109	b
aaagggagtgtgt	0	109	b
aaacgaactgcaa	0	109	b
gattgggccttta	109	0	a
ttacgtttcaaaa	109	0	a
gtaaaaataggac	109	0	a
gtaccctaggaga	108	0	a
atttaattattta	108	0	a
cttcttcttcatc	0	108	b
acatttggtacaa	0	108	b
ctatctatctatc	108	0	a
aatgggaaattaa	0	108	b
aaaaagggagtgt	0	108	b
agtttggagtcgg	108	0	a
aaatatattaatt	0	108	b
attcgtgtgattc	108	0	a
catttctccactc	108	0	a
acttatcgtggac	108	0	a
tccccataaaaaa	108	0	a
ctctatacatatc	108	0	a
atatatataataa	108	0	a
aaaatatataata	108	0	a
cggtaaaatttac	108	0	a
aaaagggagtgtg	0	108	b
aataaatataaaa	108	0	a
tttaccaaaaaaa	0	108	b
caataaaatattc	0	108	b
ggttttggtacaa	0	108	b
agagaatcctaga	108	0	a
attagattctgaa	108	0	a
aaaataattattt	0	108	b
aaattatttttta	0	108	b
cgtttgaatcgca	108	0	a
aaaagaaaaggaa	108	0	a
gattagattctga	108	0	a
tcgggaccatcaa	0	108	b
taaaaaaaaatga	108	0	a
aagcatcaagcat	0	108	b
gaaattaaactta	0	108	b
aaattcgagtaaa	0	108	b
atatatagatata	0	108	b
agattttttttta	0	108	b
tataaattataaa	0	108	b
caggataactgac	0	108	b
gaatatcataacc	0	108	b
caatcccatttcc	108	0	a
aataaatcatgat	0	108	b
aaaggcccaatcc	108	0	a
aataattaataat	0	108	b
ggataactgacac	0	108	b
acatcaagcaacg	0	108	b
gtaaaaatgggaa	108	0	a
atttcggctccca	108	0	a
attaaatataata	0	108	b
ctctctctctata	108	0	a
ataaatttataat	0	108	b
atttttttaaata	0	108	b
gattttaaaacga	108	0	a
atttggccaacta	0	108	b
actcaatttgtct	108	0	a
aaaatatgaaaaa	0	107	b
aaagtaccaaaaa	0	107	b
aaataaatgaaaa	107	0	a
gacttctttgtac	0	107	b
atcatctactcgg	0	107	b
aaattaatttaat	107	0	a
aagtttaatttcc	0	107	b
acccgactccaaa	107	0	a
gagaatcctagaa	107	0	a
gaatttagataaa	0	107	b
gataaattaataa	107	0	a
aaatgaagaaaat	0	107	b
aaattaaatttta	0	107	b
ataatttttttaa	0	107	b
acttctttgtacc	0	107	b
ttaaaaagaaaaa	107	0	a
cttctttgtacca	0	107	b
aaagaaataagtg	0	107	b
cctaagggtaccc	0	107	b
actcttgagaccc	0	107	b
aaaattattaaaa	107	0	a
aaggtgaaggtta	0	107	b
tataaattttaaa	107	0	a
caaattcgagtaa	0	107	b
atatataaattaa	107	0	a
ccattttcacaca	107	0	a
gggttttaagaaa	107	0	a
catttggtacaaa	0	107	b
acatggaataaat	0	107	b
cgacttctttgta	0	107	b
gaactgcaatata	0	107	b
tcccattttcaca	107	0	a
ttataaaaataaa	0	107	b
aataattataata	107	0	a
cagtaaagaacac	0	107	b
ataataattataa	0	107	b
aaaatcgaaaaaa	107	0	a
agctgtttgaacg	0	107	b
cgtcggtaattac	0	107	b
aagtttggagtcg	107	0	a
ttgaccgaataaa	0	107	b
cagaaaaaaaaaa	107	0	a
gactccaaactta	107	0	a
cactcttgagacc	0	107	b
ggaatatcataac	0	107	b
ataaatatataat	107	0	a
aagaaggtgaagg	0	107	b
attactcgttcga	107	0	a
aaaaaataaattt	107	0	a
tagaagaaggtga	0	107	b
taaatcatgataa	0	107	b
tattaataatcca	107	0	a
aattaaacttaac	0	107	b
attaattttatta	107	0	a
agaaacgtctagc	0	106	b
gcgccacgtagga	0	106	b
aaatgggaaatca	106	0	a
cattttccgtcca	106	0	a
tacatggaataaa	0	106	b
tcaaaaaataaaa	0	106	b
gagagaagagaga	106	0	a
gagagagagaaaa	106	0	a
cgattcaaacgag	106	0	a
gtattcctattta	0	106	b
aaaataaataatt	106	0	a
atatatacacaca	106	0	a
atgataagggaat	0	106	b
aaaagtaccaaaa	0	106	b
ggagtcgggtcga	106	0	a
aaaaaaaaattta	106	0	a
cgaaccacatggc	106	0	a
aaaataataaata	106	0	a
aattaataattta	106	0	a
agtttaatttccc	0	106	b
gtgagtagcggaa	106	0	a
gtgaaagaaataa	0	106	b
tattatttaataa	0	106	b
aaaataaatttaa	106	0	a
ctccacgtgtcag	0	106	b
cccgactccaaac	106	0	a
acttattgaaaac	106	0	a
cattactcgttcg	106	0	a
ataaatatataaa	106	0	a
ccttgtagatatc	106	0	a
catgtggttcgcc	106	0	a
aaataaatattta	0	106	b
attttaaaacgac	106	0	a
aaagagagagaaa	0	106	b
aagtatttatagg	0	106	b
atatttatattta	0	106	b
atatatatattga	0	106	b
aaatgagaaagaa	106	0	a
tgtattccatgaa	106	0	a
taattatttttaa	0	106	b
atgtggttcgcca	106	0	a
aaaattaagggga	0	106	b
tgtggggacggaa	106	0	a
aagagagagagaa	106	0	a
ggtgaaagaaata	0	106	b
caccttcttctaa	0	106	b
gtccaatttaata	0	106	b
gagatgcaccaca	0	106	b
ggattctctatac	106	0	a
gacccgactccaa	106	0	a
ctcctagggtacc	106	0	a
cgcaatcaaccga	0	106	b
aaaaaaagagaaa	0	106	b
cccattttcacac	106	0	a
atacacctgagta	0	106	b
aggaatgaacatg	105	0	a
aatatataaataa	105	0	a
attaatgattacc	105	0	a
agcccataaaaaa	105	0	a
aggattctctata	105	0	a
gaaacgtctagca	0	105	b
ccccttaatttta	0	105	b
attaataaataaa	0	105	b
aaatggtccgtcg	105	0	a
accgagggtccaa	105	0	a
ctaggattctcta	105	0	a
tccgtccctgaaa	105	0	a
actatgtggggac	105	0	a
aatataaaatata	105	0	a
agcggcggcggcg	105	0	a
atttatttttaaa	105	0	a
cctatttatctaa	0	105	b
cgacccgactcca	105	0	a
aggaataggatcc	105	0	a
cccacatagttcg	105	0	a
agttgagttgtga	0	105	b
cttcaactgacaa	0	105	b
aaggcggagacga	0	105	b
tgagttgtgagca	0	105	b
agaaataagtgat	0	105	b
aaagatttacaac	105	0	a
aatatgaaaatat	0	105	b
acgatccgccgtc	105	0	a
aaaaaacaaaaat	105	0	a
atgtattccatga	105	0	a
agggtctaagaat	105	0	a
cttggaaatagaa	105	0	a
attatttttaaaa	0	105	b
aataaatattatt	105	0	a
attaaaaaaaaag	0	105	b
gattcagaatcta	105	0	a
aatttaaaattaa	105	0	a
atgtcttttcggc	0	105	b
ggaatgaacatga	105	0	a
ctcacaactcaac	0	105	b
catggaataaatc	0	105	b
cacatcaacgatc	0	105	b
tcgtccagttaga	0	105	b
aacaataataata	105	0	a
gaatttgatcgac	0	105	b
tcaactgacaaaa	0	105	b
ggaataggatcca	105	0	a
aaaaagttttaaa	0	105	b
ccccgacggacca	105	0	a
aatataaaattat	105	0	a
taaatataaaaaa	0	105	b
aagcttgatttcc	105	0	a
cattaatgattac	105	0	a
aattcgagtaaaa	0	105	b
aagaaataagtga	0	105	b
aaatataaaatat	105	0	a
gaataggatccaa	105	0	a
aaaatataatatt	0	105	b
attttttaaaaaa	0	105	b
tgccgaacagtaa	0	105	b
ctacatggaataa	0	105	b
acgtcgagcaccg	0	104	b
aatcatctactcg	0	104	b
gagttgtgagcac	0	104	b
atagtactccctc	0	104	b
ataaatcatgata	0	104	b
aaatccagtctgc	0	104	b
gccggaaatggca	0	104	b
atgtatagagaat	104	0	a
aaaaacaaacaaa	0	104	b
ataaaatataaaa	104	0	a
tccgtcccccaaa	104	0	a
ccggtgctcgacg	0	104	b
gattctctataca	104	0	a
aatttgatcgact	0	104	b
aataaaatattct	0	104	b
taaaattttaaaa	0	104	b
aaaatataatgaa	0	104	b
aaataaaaaattg	104	0	a
aaattttaaaatt	104	0	a
aaaaattaatatt	0	104	b
aacaaaataaaaa	104	0	a
gctcacaactcaa	0	104	b
ttaattttttaaa	0	104	b
aatgaagaaaata	0	104	b
ggaatgtggtgga	0	104	b
ataattaaattta	0	104	b
aatctatatatat	0	104	b
gaatcatctcgtc	0	104	b
acgaactgcaata	0	104	b
atacaaaaaaaaa	0	104	b
acggcggcagatc	104	0	a
aaaattttgagat	104	0	a
agcttgatttccc	104	0	a
aaattaaatataa	0	104	b
aaaaaattatata	104	0	a
cgggttttaagaa	104	0	a
aaataaataaaac	104	0	a
actcgaatttgat	0	104	b
agaatcctagaag	104	0	a
aaaatttatttat	0	104	b
tatttttaattaa	104	0	a
agaaaaataatta	0	104	b
cattcccttatca	0	104	b
atttttattttaa	104	0	a
ccggaaatggcaa	0	104	b
atttttatagata	0	104	b
aattggacgagat	0	104	b
cgaatttgatcga	0	104	b
gactgataagaaa	0	104	b
caaataaaaaaaa	104	0	a
ggtgaaggttaga	0	104	b
ataattaataaaa	104	0	a
taaaattttgaga	104	0	a
catatttttaaaa	104	0	a
ccatgtggttcgc	104	0	a
accttcaccttct	0	104	b
catcaagcaacgg	0	104	b
cggggccgaacta	104	0	a
aaatcatgataag	0	104	b
aaagtcaagttga	0	104	b
acttatattgcag	0	104	b
catgataagggaa	0	104	b
aaattttaaaata	0	104	b
cattgaaatatta	104	0	a
ccgccattttaaa	104	0	a
gaccgaataaata	0	104	b
aaataaataaatc	0	104	b
atttattaaaaaa	0	104	b
tacacctgagtaa	0	104	b
cagcggatcgtcg	104	0	a
agactgataagaa	0	104	b
aaaaatttaaaat	104	0	a
atttattcggtca	0	104	b
aatttttaattaa	0	104	b
ttatctataaaaa	0	104	b
ccttggaaataga	104	0	a
aaaaatgagtgac	104	0	a
cttatttctttca	0	104	b
gcttgatttccca	104	0	a
ataaattaataaa	103	0	a
ataataaaaaata	103	0	a
agccgaaaagaca	0	103	b
gcggagacgaaaa	0	103	b
aaaaattcaaaaa	0	103	b
ctatttataggca	0	103	b
aaccgagggtcca	103	0	a
atattgcagttcg	0	103	b
aattggatcctat	103	0	a
taaaaaaaataca	0	103	b
taaaatatataaa	103	0	a
atgcgattcgaac	103	0	a
taaaaaaaacaaa	0	103	b
ctccctccgttcc	103	0	a
aaaaatattaaat	0	103	b
tagatatctacaa	103	0	a
acattcccttatc	0	103	b
aacgtctagcacc	0	103	b
aaatattaaatat	0	103	b
aatattaatatta	0	103	b
aaacgtcgagcac	0	103	b
tacataattaaaa	103	0	a
tataaaataaaaa	103	0	a
actactactacta	0	103	b
cttttttttttcc	103	0	a
aaaaatattcaca	103	0	a
aaaattattaaat	103	0	a
ccactatcataaa	0	103	b
gtagaaatgtcaa	103	0	a
accgaataaataa	0	103	b
taataataaataa	103	0	a
agcgccacgtagg	0	103	b
ctctctatatata	103	0	a
aaaaaagaaaaca	103	0	a
ctataaattaata	103	0	a
aatgggaaatcaa	103	0	a
aggtattaataat	103	0	a
gtgccgaacagta	0	103	b
ccacatagttcgg	103	0	a
aatttttttaaat	0	103	b
aatggcaaaaacg	103	0	a
agaagaactcagg	0	103	b
gaacgagtaatga	103	0	a
aagactgataaga	0	103	b
gaaatcaagctta	103	0	a
gcgttaagtttaa	0	103	b
tatatataaaata	103	0	a
tactcgaatttga	0	103	b
aaaaatcaaaatt	0	103	b
aattaatgcatta	0	103	b
ggattattaatac	103	0	a
ataaataattaat	0	103	b
aaccttcaccttc	0	103	b
atatctacaagga	103	0	a
atatatttttatg	0	103	b
atcaactgacagg	0	103	b
atgggaaatcaag	103	0	a
ataattataataa	103	0	a
gaagtcgatcaaa	0	103	b
attaatgcattac	0	103	b
ataaattattaat	103	0	a
cggatcgtcctga	103	0	a
gccactatcataa	0	103	b
gcgattcaaacga	103	0	a
attaaacttaacg	0	103	b
aaataaaaaacaa	0	103	b
gtacaaatttaca	0	103	b
aaatatttaattt	103	0	a
aaatattaattat	0	103	b
aaaaataatttat	103	0	a
aattatttttaat	103	0	a
aaattataattaa	0	103	b
atatacacacatg	103	0	a
ggggagttacgca	0	103	b
gtagcggaaaaga	103	0	a
ttaaatataataa	0	103	b
ttaaaaaaagaaa	0	103	b
ttccatgaagaaa	103	0	a
aaaaataggacta	103	0	a
aaaaacaaaaata	103	0	a
taaacttaacgca	0	103	b
aatcacttatttc	0	103	b
taatttattgaaa	0	103	b
aaataaatatatt	0	103	b
aagtcgatcaaat	0	103	b
agaaaaaaaaatg	103	0	a
ttaaataattaaa	103	0	a
cctccgtccccca	103	0	a
aaagaagactgaa	0	103	b
attttaaaatgac	103	0	a
aaacgtctagcac	0	102	b
ttggaaaaaaaaa	0	102	b
acccttggtaatc	102	0	a
aagatttgattga	102	0	a
aaaaagaaaatta	0	102	b
attttaaattatg	0	102	b
gactcaaaactta	102	0	a
catcaacgatcag	0	102	b
taggtattaataa	102	0	a
aattcataaatta	102	0	a
aaattttattaat	102	0	a
cttttttttttga	0	102	b
agaaaaaaaataa	0	102	b
gtgtgtatatata	102	0	a
aaaaaaaaatcac	102	0	a
ggaagactgataa	0	102	b
accgccgccgccg	0	102	b
caatttaatttga	102	0	a
aaaaaaaaatctg	0	102	b
atataattaaaaa	0	102	b
caagcatcaagca	0	102	b
aaaatacaaaaaa	102	0	a
taataaataaaaa	0	102	b
gaattggatccta	102	0	a
aatttaaagaccg	102	0	a
ataatatataata	102	0	a
agttgtgagcaca	0	102	b
caagaaaaaaaaa	0	102	b
aaataattaataa	102	0	a
ggaccctcggtta	102	0	a
ataaattaatata	0	102	b
tgctctgatacca	0	102	b
aaaaatataatat	0	102	b
aaaaattataaat	102	0	a
aaagaaatcgatc	0	102	b
gttaaaaaaaaaa	102	0	a
agtaaaaaataaa	0	102	b
attaaattattaa	0	102	b
aataaaataaaac	102	0	a
aaaaaaaagaaat	102	0	a
gtataaatttata	102	0	a
aacgtcgagcacc	0	102	b
atcttttccgcta	102	0	a
aaaaaagagaaaa	0	102	b
tataaataaaata	0	102	b
cagactggatttc	0	102	b
attaataaaataa	0	102	b
cctataaataaga	0	102	b
acattggggcatg	102	0	a
aaaaaataaaaag	0	102	b
agcggaaaagata	102	0	a
atgggtgaaaata	102	0	a
attttttttattg	102	0	a
aaataaaatcaaa	102	0	a
attaaaaccatta	0	102	b
aacataatttaaa	0	102	b
agtagtagtagta	0	102	b
attttaatttata	0	102	b
atctaactggacg	0	102	b
atgaaaaaaaaat	0	102	b
tattattattaaa	0	102	b
cttcatcttcatc	102	0	a
ccctaagggtacc	0	102	b
aaaaaaatgagtg	102	0	a
tataaatatataa	102	0	a
gagagaaaaaaaa	0	102	b
aaattattaaaaa	102	0	a
aagcctataaata	0	102	b
attttcccaacaa	102	0	a
catgcgattcgaa	102	0	a
aggtgaaggttag	0	102	b
taattttgaccaa	102	0	a
cgatcaaattcga	0	102	b
ggttccggttcca	0	102	b
gtcggggccgaac	102	0	a
agatagagagaga	0	102	b
caacaaaaaaaaa	102	0	a
atataaatataaa	102	0	a
taaaaaaatataa	102	0	a
ccaaccgagtaga	0	102	b
aaaaaaataaaga	102	0	a
gagtagcggaaaa	102	0	a
aaaaattaattta	0	102	b
aatggttttaata	0	102	b
aataggatccaat	102	0	a
aaaacattaaaaa	0	102	b
aattgatcaaatt	102	0	a
atcatctcgtcca	0	102	b
aaaaaactgaaaa	0	102	b
ctaactggacgag	0	101	b
caactgacaaaag	0	101	b
attaaaattaata	0	101	b
ctacgtggcgctc	0	101	b
gtcctatttagac	101	0	a
taaattctaatta	101	0	a
cttcatggaatac	101	0	a
ctaatctaatcta	101	0	a
ttttcaagaaaaa	0	101	b
taataaaataata	0	101	b
attccatgaagaa	101	0	a
atgagtgatgaag	101	0	a
ttgttcaaaaaaa	101	0	a
aataaaattttaa	0	101	b
aaaaatattttat	0	101	b
ttaataaaaataa	0	101	b
atataaattctaa	101	0	a
agaaacagccaaa	101	0	a
gtccagttagata	0	101	b
agtagcggaaaag	101	0	a
aattaaaataatt	101	0	a
ctgtttctcactc	101	0	a
tatccccataaaa	101	0	a
tataaattctaaa	0	101	b
gagagagagatga	101	0	a
aatattaaaatat	101	0	a
aataagtttggag	101	0	a
aaataaagaaaat	101	0	a
taaaataaatata	0	101	b
gagaaagaattaa	101	0	a
ctccgtcccccaa	101	0	a
tattccatgaaga	101	0	a
taaaaaaaattca	101	0	a
tatctacaaggaa	101	0	a
aacaaaacaaaaa	0	101	b
aatatttattttc	101	0	a
aataaaatattat	101	0	a
tggtaatcattaa	101	0	a
aataattttttta	101	0	a
aaaaaaaatgaat	0	101	b
attaaaaattaat	101	0	a
aataatatatatt	0	101	b
attataattataa	101	0	a
ataaaaaaaatca	0	101	b
ctcgaatttgatc	0	101	b
gaaaaaaaattaa	0	101	b
ggtagagtggtta	101	0	a
aaattatttaatt	0	101	b
cggctcccagagc	101	0	a
agatatctacaag	101	0	a
aaattattttatt	101	0	a
taatgattaccaa	101	0	a
taaatattaaata	0	101	b
gtgagtggaataa	101	0	a
tgttcaaaaaaaa	101	0	a
aattaaattataa	101	0	a
aaaatcaaataaa	101	0	a
aaaaaaattatgt	0	101	b
aaaaaatattatt	101	0	a
aaataattataat	101	0	a
aaaaaaatcgaaa	0	101	b
cataaaaataata	0	101	b
aatattttattat	0	101	b
agttcggccccga	101	0	a
caccgccgccgcc	0	100	b
cgcatccaaatca	100	0	a
aaaaataaatttt	100	0	a
acacctgagtaag	0	100	b
ctttgaaacatca	100	0	a
aaaaaaaattaca	0	100	b
gcctctatttata	0	100	b
aatttaatttgat	100	0	a
attaattttaaaa	100	0	a
acatacatacata	0	100	b
aaatatttaaaaa	100	0	a
aaaataaatattg	0	100	b
aaattctcaaatt	0	100	b
cgtctaaatagga	100	0	a
aaataaaaaaaga	0	100	b
ttcacctgtaaaa	0	100	b
ttaataaaattaa	100	0	a
aatttttttaata	0	100	b
tgatgaaattaaa	0	100	b
ataataaaatata	100	0	a
aatttataaatta	100	0	a
acattgattctaa	0	100	b
aaataattaaatt	0	100	b
attaaatattaaa	0	100	b
gattattaatacc	100	0	a
caaagaagtcgac	0	100	b
atttacgggtctc	0	100	b
aatggtccgtcgg	100	0	a
aaatcgcacgatt	100	0	a
cgaccgagacaga	100	0	a
aaaaaatattcac	100	0	a
tctgggagccgaa	100	0	a
aataaaaaaaatg	0	100	b
actgataagaaag	0	100	b
aatatatatataa	0	100	b
aatattttcatat	0	100	b
attgtgagtggaa	0	100	b
gagagagaggaga	100	0	a
aatcaatcaaatc	100	0	a
aatgattaccaag	100	0	a
agaatctaatcat	100	0	a
cttatcagtcttc	0	100	b
aataaaattataa	100	0	a
aatattattttaa	0	100	b
gagaaacagccaa	100	0	a
gagccgaaaagac	0	100	b
caaaacaaaacaa	0	100	b
agaattaaaaaaa	100	0	a
tttcattgaaaaa	100	0	a
aaatattaaaaat	0	100	b
acaaaaataaaat	100	0	a
cttaaaaaaaaaa	0	100	b
attcgtaccacac	100	0	a
gaataaatcatga	0	100	b
agactggatttcc	0	100	b
atagcccataaaa	100	0	a
aaattaaaaatat	100	0	a
taaataaattata	100	0	a
agtgagaaacagc	100	0	a
aaaatcaattatt	0	100	b
atgtttcaaagac	100	0	a
caaactgcattaa	0	100	b
aaagaagtcgacc	0	100	b
aatatttaaaatg	100	0	a
aattggctctggg	100	0	a
tataaatttaaaa	0	100	b
actcattttttta	100	0	a
aaataaaaaaatc	100	0	a
aaataatttaata	0	100	b
aattaaaaagaaa	0	100	b
aaccttcaactga	0	100	b
aataaatataaat	0	100	b
aatatttcaatgg	100	0	a
attttaaaattta	100	0	a
tatatataaataa	0	100	b
aatgaggttgtaa	0	100	b
aaaaaaacaaaac	100	0	a
caacctcatttca	0	100	b
aaaaaaaaactat	0	100	b
ttaaaatttaaaa	100	0	a
aaatcaatagaaa	0	100	b
ctgtaaaaataaa	0	100	b
aaaaaggaaataa	0	100	b
attggctctggga	100	0	a
aaaattaattatt	0	100	b
ttaaaataattaa	0	100	b
caaaaaaaagaaa	100	0	a
aatatataaaaat	0	100	b
gaaaaaaaaataa	0	100	b
aacctcatttcaa	0	100	b
gagaatttagata	0	100	b
attaaaatataaa	100	0	a
aagggtctaagaa	100	0	a
atgattaccaagg	100	0	a
attttaaaataaa	0	100	b
acgtctaaatagg	100	0	a
gtgcatctcatta	0	100	b
agagtgagaaacg	100	0	a
atcaagcaacggc	0	100	b
